"id","time","topic","payload"
"271157822","2024-12-19 19:24:27","/ttndata/eui-70b3d57ed006209e-co-04","{""end_device_ids"":{""device_id"":""eui-70b3d57ed006209e-co-04"",""application_ids"":{""application_id"":""test-provozu-aplikace""},""dev_eui"":""70B3D57ED006209E"",""join_eui"":""0000000000000000"",""dev_addr"":""260B88E6""},""correlation_ids"":[""gs:uplink:01JFG2KY46W231VCDGT7RRENR8""],""received_at"":""2024-12-19T18:24:27.475524937Z"",""uplink_message"":{""session_key_id"":""AZPfLceE/QXyAvuwhkA+XQ=="",""f_port"":1,""f_cnt"":54,""frm_payload"":""NDsxMDg2OzcuMjs2Ng=="",""decoded_payload"":{""format"":""string"",""msg"":""4;1086;7.2;66"",""sensor"":""CO2""},""rx_metadata"":[{""gateway_ids"":{""gateway_id"":""eui-50303541790d4750"",""eui"":""50303541790D4750""},""time"":""2024-12-19T18:24:27.222927Z"",""timestamp"":3745490852,""rssi"":-8,""channel_rssi"":-8,""snr"":7,""uplink_token"":""CiIKIAoUZXVpLTUwMzAzNTQxNzkwZDQ3NTASCFAwNUF5DUdQEKTP/vkNGgwI28mRuwYQ1/3dgAEgoLGbhYHkAw=="",""channel_index"":5,""received_at"":""2024-12-19T18:24:27.247619976Z""}],""settings"":{""data_rate"":{""lora"":{""bandwidth"":125000,""spreading_factor"":7,""coding_rate"":""4/5""}},""frequency"":""867500000"",""timestamp"":3745490852,""time"":""2024-12-19T18:24:27.222927Z""},""received_at"":""2024-12-19T18:24:27.271337483Z"",""consumed_airtime"":""0.061696s"",""network_ids"":{""net_id"":""000013"",""ns_id"":""EC656E0000000181"",""tenant_id"":""ttn"",""cluster_id"":""eu1"",""cluster_address"":""eu1.cloud.thethings.network""}}}"
"271155245","2024-12-19 19:19:21","/ttndata/eui-70b3d57ed006209e-co-04","{""end_device_ids"":{""device_id"":""eui-70b3d57ed006209e-co-04"",""application_ids"":{""application_id"":""test-provozu-aplikace""},""dev_eui"":""70B3D57ED006209E"",""join_eui"":""0000000000000000"",""dev_addr"":""260B88E6""},""correlation_ids"":[""gs:uplink:01JFG2AK53BXK7BASNJAAG6NGW""],""received_at"":""2024-12-19T18:19:21.326949153Z"",""uplink_message"":{""session_key_id"":""AZPfLceE/QXyAvuwhkA+XQ=="",""f_port"":1,""f_cnt"":53,""frm_payload"":""NDsxMTU1OzcuNTs3MQ=="",""decoded_payload"":{""format"":""string"",""msg"":""4;1155;7.5;71"",""sensor"":""CO2""},""rx_metadata"":[{""gateway_ids"":{""gateway_id"":""eui-50303541790d4750"",""eui"":""50303541790D4750""},""time"":""2024-12-19T18:19:21.084506Z"",""timestamp"":3439349844,""rssi"":-9,""channel_rssi"":-9,""snr"":7.5,""uplink_token"":""CiIKIAoUZXVpLTUwMzAzNTQxNzkwZDQ3NTASCFAwNUF5DUdQENSggegMGgsIqceRuwYQ9Ji7OiCgkOfJjNsD"",""channel_index"":2,""received_at"":""2024-12-19T18:19:21.100197738Z""}],""settings"":{""data_rate"":{""lora"":{""bandwidth"":125000,""spreading_factor"":7,""coding_rate"":""4/5""}},""frequency"":""868500000"",""timestamp"":3439349844,""time"":""2024-12-19T18:19:21.084506Z""},""received_at"":""2024-12-19T18:19:21.123564446Z"",""consumed_airtime"":""0.061696s"",""network_ids"":{""net_id"":""000013"",""ns_id"":""EC656E0000000181"",""tenant_id"":""ttn"",""cluster_id"":""eu1"",""cluster_address"":""eu1.cloud.thethings.network""}}}"
"271152458","2024-12-19 19:14:15","/ttndata/eui-70b3d57ed006209e-co-04","{""end_device_ids"":{""device_id"":""eui-70b3d57ed006209e-co-04"",""application_ids"":{""application_id"":""test-provozu-aplikace""},""dev_eui"":""70B3D57ED006209E"",""join_eui"":""0000000000000000"",""dev_addr"":""260B88E6""},""correlation_ids"":[""gs:uplink:01JFG2185ZQ1TGKW5YGDX4R229""],""received_at"":""2024-12-19T18:14:15.180832656Z"",""uplink_message"":{""session_key_id"":""AZPfLceE/QXyAvuwhkA+XQ=="",""f_port"":1,""f_cnt"":52,""frm_payload"":""NDsxMTMzOzcuNTs3MQ=="",""decoded_payload"":{""format"":""string"",""msg"":""4;1133;7.5;71"",""sensor"":""CO2""},""rx_metadata"":[{""gateway_ids"":{""gateway_id"":""eui-50303541790d4750"",""eui"":""50303541790D4750""},""time"":""2024-12-19T18:14:14.937952Z"",""timestamp"":3133208860,""rssi"":-7,""channel_rssi"":-7,""snr"":9,""uplink_token"":""CiIKIAoUZXVpLTUwMzAzNTQxNzkwZDQ3NTASCFAwNUF5DUdQEJzyg9YLGgwI9sSRuwYQoq/80AMg4Kq0jpjSAw=="",""channel_index"":4,""received_at"":""2024-12-19T18:14:14.951725753Z""}],""settings"":{""data_rate"":{""lora"":{""bandwidth"":125000,""spreading_factor"":7,""coding_rate"":""4/5""}},""frequency"":""867300000"",""timestamp"":3133208860,""time"":""2024-12-19T18:14:14.937952Z""},""received_at"":""2024-12-19T18:14:14.976874127Z"",""consumed_airtime"":""0.061696s"",""network_ids"":{""net_id"":""000013"",""ns_id"":""EC656E0000000181"",""tenant_id"":""ttn"",""cluster_id"":""eu1"",""cluster_address"":""eu1.cloud.thethings.network""}}}"
"271149880","2024-12-19 19:09:09","/ttndata/eui-70b3d57ed006209e-co-04","{""end_device_ids"":{""device_id"":""eui-70b3d57ed006209e-co-04"",""application_ids"":{""application_id"":""test-provozu-aplikace""},""dev_eui"":""70B3D57ED006209E"",""join_eui"":""0000000000000000"",""dev_addr"":""260B88E6""},""correlation_ids"":[""gs:uplink:01JFG1QX7312QGGWH7B8TG48X1""],""received_at"":""2024-12-19T18:09:09.039102452Z"",""uplink_message"":{""session_key_id"":""AZPfLceE/QXyAvuwhkA+XQ=="",""f_port"":1,""f_cnt"":51,""frm_payload"":""NDsxMTQwOzcuNjs3MQ=="",""decoded_payload"":{""format"":""string"",""msg"":""4;1140;7.6;71"",""sensor"":""CO2""},""rx_metadata"":[{""gateway_ids"":{""gateway_id"":""eui-50303541790d4750"",""eui"":""50303541790D4750""},""time"":""2024-12-19T18:09:08.800504Z"",""timestamp"":2827067844,""rssi"":-7,""channel_rssi"":-7,""snr"":9,""uplink_token"":""CiIKIAoUZXVpLTUwMzAzNTQxNzkwZDQ3NTASCFAwNUF5DUdQEMTDhsQKGgwIxMKRuwYQ5fHPjQMgoMv/0qPJAw=="",""channel_index"":1,""received_at"":""2024-12-19T18:09:08.811242369Z""}],""settings"":{""data_rate"":{""lora"":{""bandwidth"":125000,""spreading_factor"":7,""coding_rate"":""4/5""}},""frequency"":""868300000"",""timestamp"":2827067844,""time"":""2024-12-19T18:09:08.800504Z""},""received_at"":""2024-12-19T18:09:08.835425047Z"",""consumed_airtime"":""0.061696s"",""network_ids"":{""net_id"":""000013"",""ns_id"":""EC656E0000000181"",""tenant_id"":""ttn"",""cluster_id"":""eu1"",""cluster_address"":""eu1.cloud.thethings.network""}}}"
"271147186","2024-12-19 19:04:02","/ttndata/eui-70b3d57ed006209e-co-04","{""end_device_ids"":{""device_id"":""eui-70b3d57ed006209e-co-04"",""application_ids"":{""application_id"":""test-provozu-aplikace""},""dev_eui"":""70B3D57ED006209E"",""join_eui"":""0000000000000000"",""dev_addr"":""260B88E6""},""correlation_ids"":[""gs:uplink:01JFG1EJ8BJF1V7VAYTQXA6VBK""],""received_at"":""2024-12-19T18:04:02.903748380Z"",""uplink_message"":{""session_key_id"":""AZPfLceE/QXyAvuwhkA+XQ=="",""f_port"":1,""f_cnt"":50,""frm_payload"":""NDsxMTUzOzcuNzs3Mg=="",""decoded_payload"":{""format"":""string"",""msg"":""4;1153;7.7;72"",""sensor"":""CO2""},""rx_metadata"":[{""gateway_ids"":{""gateway_id"":""eui-50303541790d4750"",""eui"":""50303541790D4750""},""time"":""2024-12-19T18:04:02.653969Z"",""timestamp"":2520926852,""rssi"":-13,""channel_rssi"":-13,""snr"":9.75,""uplink_token"":""CiIKIAoUZXVpLTUwMzAzNTQxNzkwZDQ3NTASCFAwNUF5DUdQEISVibIJGgwIksCRuwYQvKqxzQIgoKfMl6/AAw=="",""channel_index"":3,""received_at"":""2024-12-19T18:04:02.676523992Z""}],""settings"":{""data_rate"":{""lora"":{""bandwidth"":125000,""spreading_factor"":7,""coding_rate"":""4/5""}},""frequency"":""867100000"",""timestamp"":2520926852,""time"":""2024-12-19T18:04:02.653969Z""},""received_at"":""2024-12-19T18:04:02.700239021Z"",""consumed_airtime"":""0.061696s"",""network_ids"":{""net_id"":""000013"",""ns_id"":""EC656E0000000181"",""tenant_id"":""ttn"",""cluster_id"":""eu1"",""cluster_address"":""eu1.cloud.thethings.network""}}}"
"271144555","2024-12-19 18:58:56","/ttndata/eui-70b3d57ed006209e-co-04","{""end_device_ids"":{""device_id"":""eui-70b3d57ed006209e-co-04"",""application_ids"":{""application_id"":""test-provozu-aplikace""},""dev_eui"":""70B3D57ED006209E"",""join_eui"":""0000000000000000"",""dev_addr"":""260B88E6""},""correlation_ids"":[""gs:uplink:01JFG15798CMZQN38N0P56SQ3J""],""received_at"":""2024-12-19T17:58:56.756167112Z"",""uplink_message"":{""session_key_id"":""AZPfLceE/QXyAvuwhkA+XQ=="",""f_port"":1,""f_cnt"":49,""frm_payload"":""NDsxMTU0OzcuNjs3Mw=="",""decoded_payload"":{""format"":""string"",""msg"":""4;1154;7.6;73"",""sensor"":""CO2""},""rx_metadata"":[{""gateway_ids"":{""gateway_id"":""eui-50303541790d4750"",""eui"":""50303541790D4750""},""time"":""2024-12-19T17:58:56.515991Z"",""timestamp"":2214785859,""rssi"":-11,""channel_rssi"":-11,""snr"":9.25,""uplink_token"":""CiIKIAoUZXVpLTUwMzAzNTQxNzkwZDQ3NTASCFAwNUF5DUdQEMPmi6AIGgwI4L2RuwYQpdeChwIguPuY3Lq3Aw=="",""received_at"":""2024-12-19T17:58:56.528630642Z""}],""settings"":{""data_rate"":{""lora"":{""bandwidth"":125000,""spreading_factor"":7,""coding_rate"":""4/5""}},""frequency"":""868100000"",""timestamp"":2214785859,""time"":""2024-12-19T17:58:56.515991Z""},""received_at"":""2024-12-19T17:58:56.552473881Z"",""consumed_airtime"":""0.061696s"",""network_ids"":{""net_id"":""000013"",""ns_id"":""EC656E0000000181"",""tenant_id"":""ttn"",""cluster_id"":""eu1"",""cluster_address"":""eu1.cloud.thethings.network""}}}"
"271141745","2024-12-19 18:53:50","/ttndata/eui-70b3d57ed006209e-co-04","{""end_device_ids"":{""device_id"":""eui-70b3d57ed006209e-co-04"",""application_ids"":{""application_id"":""test-provozu-aplikace""},""dev_eui"":""70B3D57ED006209E"",""join_eui"":""0000000000000000"",""dev_addr"":""260B88E6""},""correlation_ids"":[""gs:uplink:01JFG0VWAPTS9DEH7ZACE97J67""],""received_at"":""2024-12-19T17:53:50.630635342Z"",""uplink_message"":{""session_key_id"":""AZPfLceE/QXyAvuwhkA+XQ=="",""f_port"":1,""f_cnt"":48,""frm_payload"":""NDsxMTI3OzYuNzs3Mg=="",""decoded_payload"":{""format"":""string"",""msg"":""4;1127;6.7;72"",""sensor"":""CO2""},""rx_metadata"":[{""gateway_ids"":{""gateway_id"":""eui-50303541790d4750"",""eui"":""50303541790D4750""},""time"":""2024-12-19T17:53:50.378545Z"",""timestamp"":1908644868,""rssi"":-8,""channel_rssi"":-8,""snr"":9.75,""uplink_token"":""CiIKIAoUZXVpLTUwMzAzNTQxNzkwZDQ3NTASCFAwNUF5DUdQEIS4jo4HGgwIrruRuwYQmfy0yQEgoN/loMauAw=="",""channel_index"":7,""received_at"":""2024-12-19T17:53:50.401414653Z""}],""settings"":{""data_rate"":{""lora"":{""bandwidth"":125000,""spreading_factor"":7,""coding_rate"":""4/5""}},""frequency"":""867900000"",""timestamp"":1908644868,""time"":""2024-12-19T17:53:50.378545Z""},""received_at"":""2024-12-19T17:53:50.423476650Z"",""consumed_airtime"":""0.061696s"",""network_ids"":{""net_id"":""000013"",""ns_id"":""EC656E0000000181"",""tenant_id"":""ttn"",""cluster_id"":""eu1"",""cluster_address"":""eu1.cloud.thethings.network""}}}"
"271138971","2024-12-19 18:48:44","/ttndata/eui-70b3d57ed006209e-co-04","{""end_device_ids"":{""device_id"":""eui-70b3d57ed006209e-co-04"",""application_ids"":{""application_id"":""test-provozu-aplikace""},""dev_eui"":""70B3D57ED006209E"",""join_eui"":""0000000000000000"",""dev_addr"":""260B88E6""},""correlation_ids"":[""gs:uplink:01JFG0JHBMQHKWNJTRMNVDS2W5""],""received_at"":""2024-12-19T17:48:44.483059211Z"",""uplink_message"":{""session_key_id"":""AZPfLceE/QXyAvuwhkA+XQ=="",""f_port"":1,""f_cnt"":47,""frm_payload"":""NDsxMTE3OzYuNTs3MQ=="",""decoded_payload"":{""format"":""string"",""msg"":""4;1117;6.5;71"",""sensor"":""CO2""},""rx_metadata"":[{""gateway_ids"":{""gateway_id"":""eui-50303541790d4750"",""eui"":""50303541790D4750""},""time"":""2024-12-19T17:48:44.231587Z"",""timestamp"":1602503916,""rssi"":-8,""channel_rssi"":-8,""snr"":6,""uplink_token"":""CiIKIAoUZXVpLTUwMzAzNTQxNzkwZDQ3NTASCFAwNUF5DUdQEOyJkfwFGgwI/LiRuwYQxquogwEg4PO05dGlAw=="",""channel_index"":2,""received_at"":""2024-12-19T17:48:44.254407082Z""}],""settings"":{""data_rate"":{""lora"":{""bandwidth"":125000,""spreading_factor"":7,""coding_rate"":""4/5""}},""frequency"":""868500000"",""timestamp"":1602503916,""time"":""2024-12-19T17:48:44.231587Z""},""received_at"":""2024-12-19T17:48:44.276705609Z"",""consumed_airtime"":""0.061696s"",""network_ids"":{""net_id"":""000013"",""ns_id"":""EC656E0000000181"",""tenant_id"":""ttn"",""cluster_id"":""eu1"",""cluster_address"":""eu1.cloud.thethings.network""}}}"
"271136314","2024-12-19 18:43:38","/ttndata/eui-70b3d57ed006209e-co-04","{""end_device_ids"":{""device_id"":""eui-70b3d57ed006209e-co-04"",""application_ids"":{""application_id"":""test-provozu-aplikace""},""dev_eui"":""70B3D57ED006209E"",""join_eui"":""0000000000000000"",""dev_addr"":""260B88E6""},""correlation_ids"":[""gs:uplink:01JFG096CPH1YQZ59YM5Y3D521""],""received_at"":""2024-12-19T17:43:38.338231518Z"",""uplink_message"":{""session_key_id"":""AZPfLceE/QXyAvuwhkA+XQ=="",""f_port"":1,""f_cnt"":46,""frm_payload"":""NDsxMTM3OzYuNjs3MQ=="",""decoded_payload"":{""format"":""string"",""msg"":""4;1137;6.6;71"",""sensor"":""CO2""},""rx_metadata"":[{""gateway_ids"":{""gateway_id"":""eui-50303541790d4750"",""eui"":""50303541790D4750""},""time"":""2024-12-19T17:43:38.094181Z"",""timestamp"":1296362940,""rssi"":-8,""channel_rssi"":-8,""snr"":9.25,""uplink_token"":""CiIKIAoUZXVpLTUwMzAzNTQxNzkwZDQ3NTASCFAwNUF5DUdQELzbk+oEGgsIyraRuwYQk/34PyDgzIKq3ZwD"",""channel_index"":6,""received_at"":""2024-12-19T17:43:38.112629292Z""}],""settings"":{""data_rate"":{""lora"":{""bandwidth"":125000,""spreading_factor"":7,""coding_rate"":""4/5""}},""frequency"":""867700000"",""timestamp"":1296362940,""time"":""2024-12-19T17:43:38.094181Z""},""received_at"":""2024-12-19T17:43:38.135036527Z"",""consumed_airtime"":""0.061696s"",""network_ids"":{""net_id"":""000013"",""ns_id"":""EC656E0000000181"",""tenant_id"":""ttn"",""cluster_id"":""eu1"",""cluster_address"":""eu1.cloud.thethings.network""}}}"
"271133557","2024-12-19 18:38:32","/ttndata/eui-70b3d57ed006209e-co-04","{""end_device_ids"":{""device_id"":""eui-70b3d57ed006209e-co-04"",""application_ids"":{""application_id"":""test-provozu-aplikace""},""dev_eui"":""70B3D57ED006209E"",""join_eui"":""0000000000000000"",""dev_addr"":""260B88E6""},""correlation_ids"":[""gs:uplink:01JFFZZVDSA27EX8HHN5MRMDV3""],""received_at"":""2024-12-19T17:38:32.200053800Z"",""uplink_message"":{""session_key_id"":""AZPfLceE/QXyAvuwhkA+XQ=="",""f_port"":1,""f_cnt"":45,""frm_payload"":""NDsxMTAzOzYuNzs3MQ=="",""decoded_payload"":{""format"":""string"",""msg"":""4;1103;6.7;71"",""sensor"":""CO2""},""rx_metadata"":[{""gateway_ids"":{""gateway_id"":""eui-50303541790d4750"",""eui"":""50303541790D4750""},""time"":""2024-12-19T17:38:31.957342Z"",""timestamp"":990221980,""rssi"":-6,""channel_rssi"":-6,""snr"":8.5,""uplink_token"":""CiIKIAoUZXVpLTUwMzAzNTQxNzkwZDQ3NTASCFAwNUF5DUdQEJytltgDGgwIl7SRuwYQouyu2QMg4KLR7uiTAw=="",""channel_index"":1,""received_at"":""2024-12-19T17:38:31.969874973Z""}],""settings"":{""data_rate"":{""lora"":{""bandwidth"":125000,""spreading_factor"":7,""coding_rate"":""4/5""}},""frequency"":""868300000"",""timestamp"":990221980,""time"":""2024-12-19T17:38:31.957342Z""},""received_at"":""2024-12-19T17:38:31.993694903Z"",""consumed_airtime"":""0.061696s"",""network_ids"":{""net_id"":""000013"",""ns_id"":""EC656E0000000181"",""tenant_id"":""ttn"",""cluster_id"":""eu1"",""cluster_address"":""eu1.cloud.thethings.network""}}}"
"271130545","2024-12-19 18:33:26","/ttndata/eui-70b3d57ed006209e-co-04","{""end_device_ids"":{""device_id"":""eui-70b3d57ed006209e-co-04"",""application_ids"":{""application_id"":""test-provozu-aplikace""},""dev_eui"":""70B3D57ED006209E"",""join_eui"":""0000000000000000"",""dev_addr"":""260B88E6""},""correlation_ids"":[""gs:uplink:01JFFZPGENTNVSBG2P005VS54A""],""received_at"":""2024-12-19T17:33:26.054046114Z"",""uplink_message"":{""session_key_id"":""AZPfLceE/QXyAvuwhkA+XQ=="",""f_port"":1,""f_cnt"":44,""frm_payload"":""NDsxMTMyOzYuNzs3Mg=="",""decoded_payload"":{""format"":""string"",""msg"":""4;1132;6.7;72"",""sensor"":""CO2""},""rx_metadata"":[{""gateway_ids"":{""gateway_id"":""eui-50303541790d4750"",""eui"":""50303541790D4750""},""time"":""2024-12-19T17:33:25.810233Z"",""timestamp"":684080996,""rssi"":-8,""channel_rssi"":-8,""snr"":7.75,""uplink_token"":""CiIKIAoUZXVpLTUwMzAzNTQxNzkwZDQ3NTASCFAwNUF5DUdQEOT+mMYCGgwI5bGRuwYQ5MGNkwMgoL2es/SKAw=="",""channel_index"":5,""received_at"":""2024-12-19T17:33:25.822584889Z""}],""settings"":{""data_rate"":{""lora"":{""bandwidth"":125000,""spreading_factor"":7,""coding_rate"":""4/5""}},""frequency"":""867500000"",""timestamp"":684080996,""time"":""2024-12-19T17:33:25.810233Z""},""received_at"":""2024-12-19T17:33:25.846428219Z"",""consumed_airtime"":""0.061696s"",""network_ids"":{""net_id"":""000013"",""ns_id"":""EC656E0000000181"",""tenant_id"":""ttn"",""cluster_id"":""eu1"",""cluster_address"":""eu1.cloud.thethings.network""}}}"
"271127896","2024-12-19 18:28:19","/ttndata/eui-70b3d57ed006209e-co-04","{""end_device_ids"":{""device_id"":""eui-70b3d57ed006209e-co-04"",""application_ids"":{""application_id"":""test-provozu-aplikace""},""dev_eui"":""70B3D57ED006209E"",""join_eui"":""0000000000000000"",""dev_addr"":""260B88E6""},""correlation_ids"":[""gs:uplink:01JFFZD5GAEVTJRZQ9NQS6PHGC""],""received_at"":""2024-12-19T17:28:19.933463068Z"",""uplink_message"":{""session_key_id"":""AZPfLceE/QXyAvuwhkA+XQ=="",""f_port"":1,""f_cnt"":43,""frm_payload"":""NDsxMTQzOzYuNDs3Mw=="",""decoded_payload"":{""format"":""string"",""msg"":""4;1143;6.4;73"",""sensor"":""CO2""},""rx_metadata"":[{""gateway_ids"":{""gateway_id"":""eui-50303541790d4750"",""eui"":""50303541790D4750""},""time"":""2024-12-19T17:28:19.672964Z"",""timestamp"":377940083,""rssi"":-11,""channel_rssi"":-11,""snr"":11,""uplink_token"":""CiIKIAoUZXVpLTUwMzAzNTQxNzkwZDQ3NTASCFAwNUF5DUdQEPPQm7QBGgwIs6+RuwYQ48Kq2AIguILw9/+BAw=="",""received_at"":""2024-12-19T17:28:19.699177897Z""}],""settings"":{""data_rate"":{""lora"":{""bandwidth"":125000,""spreading_factor"":7,""coding_rate"":""4/5""}},""frequency"":""868100000"",""timestamp"":377940083,""time"":""2024-12-19T17:28:19.672964Z""},""received_at"":""2024-12-19T17:28:19.723385409Z"",""consumed_airtime"":""0.061696s"",""network_ids"":{""net_id"":""000013"",""ns_id"":""EC656E0000000181"",""tenant_id"":""ttn"",""cluster_id"":""eu1"",""cluster_address"":""eu1.cloud.thethings.network""}}}"
"271125248","2024-12-19 18:23:14","/ttndata/eui-70b3d57ed006209e-co-04","{""end_device_ids"":{""device_id"":""eui-70b3d57ed006209e-co-04"",""application_ids"":{""application_id"":""test-provozu-aplikace""},""dev_eui"":""70B3D57ED006209E"",""join_eui"":""0000000000000000"",""dev_addr"":""260B88E6""},""correlation_ids"":[""gs:uplink:01JFFZ3VJ1QPJHTWFDD39FHGJW""],""received_at"":""2024-12-19T17:23:14.833590828Z"",""uplink_message"":{""session_key_id"":""AZPfLceE/QXyAvuwhkA+XQ=="",""f_port"":1,""f_cnt"":42,""frm_payload"":""NDsxMTM4OzUuNzs3MQ=="",""decoded_payload"":{""format"":""string"",""msg"":""4;1138;5.7;71"",""sensor"":""CO2""},""rx_metadata"":[{""gateway_ids"":{""gateway_id"":""eui-50303541790d4750"",""eui"":""50303541790D4750""},""time"":""2024-12-19T17:23:14.579735Z"",""timestamp"":72843236,""rssi"":-7,""channel_rssi"":-7,""snr"":9.25,""uplink_token"":""CiIKIAoUZXVpLTUwMzAzNTQxNzkwZDQ3NTASCFAwNUF5DUdQEOT/3SIaDAiCrZG7BhD9svmpAiCgpa6uj/kC"",""channel_index"":4,""received_at"":""2024-12-19T17:23:14.604004497Z""}],""settings"":{""data_rate"":{""lora"":{""bandwidth"":125000,""spreading_factor"":7,""coding_rate"":""4/5""}},""frequency"":""867300000"",""timestamp"":72843236,""time"":""2024-12-19T17:23:14.579735Z""},""received_at"":""2024-12-19T17:23:14.626311564Z"",""consumed_airtime"":""0.066816s"",""network_ids"":{""net_id"":""000013"",""ns_id"":""EC656E0000000181"",""tenant_id"":""ttn"",""cluster_id"":""eu1"",""cluster_address"":""eu1.cloud.thethings.network""}}}"
"271122820","2024-12-19 18:18:09","/ttndata/eui-70b3d57ed006209e-co-04","{""end_device_ids"":{""device_id"":""eui-70b3d57ed006209e-co-04"",""application_ids"":{""application_id"":""test-provozu-aplikace""},""dev_eui"":""70B3D57ED006209E"",""join_eui"":""0000000000000000"",""dev_addr"":""260B88E6""},""correlation_ids"":[""gs:uplink:01JFFYTHJTRV1977ENX64PE8MG""],""received_at"":""2024-12-19T17:18:09.708704077Z"",""uplink_message"":{""session_key_id"":""AZPfLceE/QXyAvuwhkA+XQ=="",""f_port"":1,""f_cnt"":41,""frm_payload"":""NDsxMTM2OzUuNjs3MA=="",""decoded_payload"":{""format"":""string"",""msg"":""4;1136;5.6;70"",""sensor"":""CO2""},""rx_metadata"":[{""gateway_ids"":{""gateway_id"":""eui-50303541790d4750"",""eui"":""50303541790D4750""},""time"":""2024-12-19T17:18:09.461245Z"",""timestamp"":4062698556,""rssi"":-7,""channel_rssi"":-7,""snr"":6.5,""uplink_token"":""CiIKIAoUZXVpLTUwMzAzNTQxNzkwZDQ3NTASCFAwNUF5DUdQELy4n5EPGgwI0aqRuwYQ94ul7QEg4JTR3Z7wAg=="",""channel_index"":2,""received_at"":""2024-12-19T17:18:09.476898620Z""}],""settings"":{""data_rate"":{""lora"":{""bandwidth"":125000,""spreading_factor"":7,""coding_rate"":""4/5""}},""frequency"":""868500000"",""timestamp"":4062698556,""time"":""2024-12-19T17:18:09.461245Z""},""received_at"":""2024-12-19T17:18:09.499612441Z"",""consumed_airtime"":""0.066816s"",""network_ids"":{""net_id"":""000013"",""ns_id"":""EC656E0000000181"",""tenant_id"":""ttn"",""cluster_id"":""eu1"",""cluster_address"":""eu1.cloud.thethings.network""}}}"
"271119975","2024-12-19 18:13:04","/ttndata/eui-70b3d57ed006209e-co-04","{""end_device_ids"":{""device_id"":""eui-70b3d57ed006209e-co-04"",""application_ids"":{""application_id"":""test-provozu-aplikace""},""dev_eui"":""70B3D57ED006209E"",""join_eui"":""0000000000000000"",""dev_addr"":""260B88E6""},""correlation_ids"":[""gs:uplink:01JFFYH7MG4ZMTNH8HCMYKYVF1""],""received_at"":""2024-12-19T17:13:04.609201282Z"",""uplink_message"":{""session_key_id"":""AZPfLceE/QXyAvuwhkA+XQ=="",""f_port"":1,""f_cnt"":40,""frm_payload"":""NDsxMTI0OzUuNjs3MQ=="",""decoded_payload"":{""format"":""string"",""msg"":""4;1124;5.6;71"",""sensor"":""CO2""},""rx_metadata"":[{""gateway_ids"":{""gateway_id"":""eui-50303541790d4750"",""eui"":""50303541790D4750""},""time"":""2024-12-19T17:13:04.353263Z"",""timestamp"":3757586428,""rssi"":-13,""channel_rssi"":-13,""snr"":11,""uplink_token"":""CiIKIAoUZXVpLTUwMzAzNTQxNzkwZDQ3NTASCFAwNUF5DUdQEPzv4P8NGgwIoKiRuwYQ3o3zvgEg4ODqjK7nAg=="",""channel_index"":3,""received_at"":""2024-12-19T17:13:04.377805700Z""}],""settings"":{""data_rate"":{""lora"":{""bandwidth"":125000,""spreading_factor"":7,""coding_rate"":""4/5""}},""frequency"":""867100000"",""timestamp"":3757586428,""time"":""2024-12-19T17:13:04.353263Z""},""received_at"":""2024-12-19T17:13:04.401546835Z"",""consumed_airtime"":""0.061696s"",""network_ids"":{""net_id"":""000013"",""ns_id"":""EC656E0000000181"",""tenant_id"":""ttn"",""cluster_id"":""eu1"",""cluster_address"":""eu1.cloud.thethings.network""}}}"
"271116947","2024-12-19 18:07:58","/ttndata/eui-70b3d57ed006209e-co-04","{""end_device_ids"":{""device_id"":""eui-70b3d57ed006209e-co-04"",""application_ids"":{""application_id"":""test-provozu-aplikace""},""dev_eui"":""70B3D57ED006209E"",""join_eui"":""0000000000000000"",""dev_addr"":""260B88E6""},""correlation_ids"":[""gs:uplink:01JFFY7WN72ZTDMXCS98X879S5""],""received_at"":""2024-12-19T17:07:58.452232134Z"",""uplink_message"":{""session_key_id"":""AZPfLceE/QXyAvuwhkA+XQ=="",""f_port"":1,""f_cnt"":39,""frm_payload"":""NDsxMTU4OzUuNjs3MQ=="",""decoded_payload"":{""format"":""string"",""msg"":""4;1158;5.6;71"",""sensor"":""CO2""},""rx_metadata"":[{""gateway_ids"":{""gateway_id"":""eui-50303541790d4750"",""eui"":""50303541790D4750""},""time"":""2024-12-19T17:07:58.215398Z"",""timestamp"":3451445516,""rssi"":-7,""channel_rssi"":-7,""snr"":9.25,""uplink_token"":""CiIKIAoUZXVpLTUwMzAzNTQxNzkwZDQ3NTASCFAwNUF5DUdQEIzC4+0MGgsI7qWRuwYQ/9/YdSDgrbzRud4C"",""channel_index"":1,""received_at"":""2024-12-19T17:07:58.224182631Z""}],""settings"":{""data_rate"":{""lora"":{""bandwidth"":125000,""spreading_factor"":7,""coding_rate"":""4/5""}},""frequency"":""868300000"",""timestamp"":3451445516,""time"":""2024-12-19T17:07:58.215398Z""},""received_at"":""2024-12-19T17:07:58.248203989Z"",""consumed_airtime"":""0.061696s"",""network_ids"":{""net_id"":""000013"",""ns_id"":""EC656E0000000181"",""tenant_id"":""ttn"",""cluster_id"":""eu1"",""cluster_address"":""eu1.cloud.thethings.network""}}}"
"271114068","2024-12-19 18:02:52","/ttndata/eui-70b3d57ed006209e-co-04","{""end_device_ids"":{""device_id"":""eui-70b3d57ed006209e-co-04"",""application_ids"":{""application_id"":""test-provozu-aplikace""},""dev_eui"":""70B3D57ED006209E"",""join_eui"":""0000000000000000"",""dev_addr"":""260B88E6""},""correlation_ids"":[""gs:uplink:01JFFXYHP96N90E7H6PP595AY9""],""received_at"":""2024-12-19T17:02:52.314143311Z"",""uplink_message"":{""session_key_id"":""AZPfLceE/QXyAvuwhkA+XQ=="",""f_port"":1,""f_cnt"":38,""frm_payload"":""NDsxMTM0OzUuNTs3Mg=="",""decoded_payload"":{""format"":""string"",""msg"":""4;1134;5.5;72"",""sensor"":""CO2""},""rx_metadata"":[{""gateway_ids"":{""gateway_id"":""eui-50303541790d4750"",""eui"":""50303541790D4750""},""time"":""2024-12-19T17:02:52.068878Z"",""timestamp"":3145304572,""rssi"":-11,""channel_rssi"":-11,""snr"":11,""uplink_token"":""CiIKIAoUZXVpLTUwMzAzNTQxNzkwZDQ3NTASCFAwNUF5DUdQEPyT5tsLGgsIvKORuwYQtpSmMiDggIyWxdUC"",""channel_index"":7,""received_at"":""2024-12-19T17:02:52.082844574Z""}],""settings"":{""data_rate"":{""lora"":{""bandwidth"":125000,""spreading_factor"":7,""coding_rate"":""4/5""}},""frequency"":""867900000"",""timestamp"":3145304572,""time"":""2024-12-19T17:02:52.068878Z""},""received_at"":""2024-12-19T17:02:52.107685555Z"",""consumed_airtime"":""0.061696s"",""network_ids"":{""net_id"":""000013"",""ns_id"":""EC656E0000000181"",""tenant_id"":""ttn"",""cluster_id"":""eu1"",""cluster_address"":""eu1.cloud.thethings.network""}}}"
"271110955","2024-12-19 17:57:46","/ttndata/eui-70b3d57ed006209e-co-04","{""end_device_ids"":{""device_id"":""eui-70b3d57ed006209e-co-04"",""application_ids"":{""application_id"":""test-provozu-aplikace""},""dev_eui"":""70B3D57ED006209E"",""join_eui"":""0000000000000000"",""dev_addr"":""260B88E6""},""correlation_ids"":[""gs:uplink:01JFFXN6QZTPXTV2NY6W9M3C66""],""received_at"":""2024-12-19T16:57:46.189021617Z"",""uplink_message"":{""session_key_id"":""AZPfLceE/QXyAvuwhkA+XQ=="",""f_port"":1,""f_cnt"":37,""frm_payload"":""NDsxMTMxOzQuOTs3Mg=="",""decoded_payload"":{""format"":""string"",""msg"":""4;1131;4.9;72"",""sensor"":""CO2""},""rx_metadata"":[{""gateway_ids"":{""gateway_id"":""eui-50303541790d4750"",""eui"":""50303541790D4750""},""time"":""2024-12-19T16:57:45.931580Z"",""timestamp"":2839163691,""rssi"":-11,""channel_rssi"":-11,""snr"":10,""uplink_token"":""CiIKIAoUZXVpLTUwMzAzNTQxNzkwZDQ3NTASCFAwNUF5DUdQEKvm6MkKGgwIiaGRuwYQh5fD1AMg+L/f2tDMAg=="",""received_at"":""2024-12-19T16:57:45.960584113Z""}],""settings"":{""data_rate"":{""lora"":{""bandwidth"":125000,""spreading_factor"":7,""coding_rate"":""4/5""}},""frequency"":""868100000"",""timestamp"":2839163691,""time"":""2024-12-19T16:57:45.931580Z""},""received_at"":""2024-12-19T16:57:45.983687253Z"",""consumed_airtime"":""0.061696s"",""network_ids"":{""net_id"":""000013"",""ns_id"":""EC656E0000000181"",""tenant_id"":""ttn"",""cluster_id"":""eu1"",""cluster_address"":""eu1.cloud.thethings.network""}}}"
"271108303","2024-12-19 17:52:40","/ttndata/eui-70b3d57ed006209e-co-04","{""end_device_ids"":{""device_id"":""eui-70b3d57ed006209e-co-04"",""application_ids"":{""application_id"":""test-provozu-aplikace""},""dev_eui"":""70B3D57ED006209E"",""join_eui"":""0000000000000000"",""dev_addr"":""260B88E6""},""correlation_ids"":[""gs:uplink:01JFFXBVRV7Y6GEZNF4ZHBNJSB""],""received_at"":""2024-12-19T16:52:40.043099758Z"",""uplink_message"":{""session_key_id"":""AZPfLceE/QXyAvuwhkA+XQ=="",""f_port"":1,""f_cnt"":36,""frm_payload"":""NDsxMTI4OzQuNDs2OQ=="",""decoded_payload"":{""format"":""string"",""msg"":""4;1128;4.4;69"",""sensor"":""CO2""},""rx_metadata"":[{""gateway_ids"":{""gateway_id"":""eui-50303541790d4750"",""eui"":""50303541790D4750""},""time"":""2024-12-19T16:52:39.794272Z"",""timestamp"":2533022788,""rssi"":-9,""channel_rssi"":-9,""snr"":9.75,""uplink_token"":""CiIKIAoUZXVpLTUwMzAzNTQxNzkwZDQ3NTASCFAwNUF5DUdQEMS467cJGgwI156RuwYQ7quhjgMgoNOxn9zDAg=="",""channel_index"":6,""received_at"":""2024-12-19T16:52:39.813454906Z""}],""settings"":{""data_rate"":{""lora"":{""bandwidth"":125000,""spreading_factor"":7,""coding_rate"":""4/5""}},""frequency"":""867700000"",""timestamp"":2533022788,""time"":""2024-12-19T16:52:39.794272Z""},""received_at"":""2024-12-19T16:52:39.836305977Z"",""consumed_airtime"":""0.061696s"",""network_ids"":{""net_id"":""000013"",""ns_id"":""EC656E0000000181"",""tenant_id"":""ttn"",""cluster_id"":""eu1"",""cluster_address"":""eu1.cloud.thethings.network""}}}"
"271105583","2024-12-19 17:47:33","/ttndata/eui-70b3d57ed006209e-co-04","{""end_device_ids"":{""device_id"":""eui-70b3d57ed006209e-co-04"",""application_ids"":{""application_id"":""test-provozu-aplikace""},""dev_eui"":""70B3D57ED006209E"",""join_eui"":""0000000000000000"",""dev_addr"":""260B88E6""},""correlation_ids"":[""gs:uplink:01JFFX2GSJJX42J8Y65C6CV35K""],""received_at"":""2024-12-19T16:47:33.892612715Z"",""uplink_message"":{""session_key_id"":""AZPfLceE/QXyAvuwhkA+XQ=="",""f_port"":1,""f_cnt"":35,""frm_payload"":""NDsxMTA1OzQuNDs2OQ=="",""decoded_payload"":{""format"":""string"",""msg"":""4;1105;4.4;69"",""sensor"":""CO2""},""rx_metadata"":[{""gateway_ids"":{""gateway_id"":""eui-50303541790d4750"",""eui"":""50303541790D4750""},""time"":""2024-12-19T16:47:33.647375Z"",""timestamp"":2226881948,""rssi"":-8,""channel_rssi"":-8,""snr"":7.75,""uplink_token"":""CiIKIAoUZXVpLTUwMzAzNTQxNzkwZDQ3NTASCFAwNUF5DUdQEJyL7qUIGgwIpZyRuwYQo52axQIg4NKH5Oe6Ag=="",""channel_index"":2,""received_at"":""2024-12-19T16:47:33.660034621Z""}],""settings"":{""data_rate"":{""lora"":{""bandwidth"":125000,""spreading_factor"":7,""coding_rate"":""4/5""}},""frequency"":""868500000"",""timestamp"":2226881948,""time"":""2024-12-19T16:47:33.647375Z""},""received_at"":""2024-12-19T16:47:33.683216196Z"",""consumed_airtime"":""0.061696s"",""network_ids"":{""net_id"":""000013"",""ns_id"":""EC656E0000000181"",""tenant_id"":""ttn"",""cluster_id"":""eu1"",""cluster_address"":""eu1.cloud.thethings.network""}}}"
"271102584","2024-12-19 17:42:28","/ttndata/eui-70b3d57ed006209e-co-04","{""end_device_ids"":{""device_id"":""eui-70b3d57ed006209e-co-04"",""application_ids"":{""application_id"":""test-provozu-aplikace""},""dev_eui"":""70B3D57ED006209E"",""join_eui"":""0000000000000000"",""dev_addr"":""260B88E6""},""correlation_ids"":[""gs:uplink:01JFFWS6W1A89FWB3VVP82V9FQ""],""received_at"":""2024-12-19T16:42:28.816712259Z"",""uplink_message"":{""session_key_id"":""AZPfLceE/QXyAvuwhkA+XQ=="",""f_port"":1,""f_cnt"":34,""frm_payload"":""NDsxMDc4OzQuNDs2OQ=="",""decoded_payload"":{""format"":""string"",""msg"":""4;1078;4.4;69"",""sensor"":""CO2""},""rx_metadata"":[{""gateway_ids"":{""gateway_id"":""eui-50303541790d4750"",""eui"":""50303541790D4750""},""time"":""2024-12-19T16:42:28.553810Z"",""timestamp"":1921785012,""rssi"":-9,""channel_rssi"":-9,""snr"":7.5,""uplink_token"":""CiIKIAoUZXVpLTUwMzAzNTQxNzkwZDQ3NTASCFAwNUF5DUdQELS5sJQHGgwI9JmRuwYQ/KiZogIgoL7AmvexAg=="",""channel_index"":5,""received_at"":""2024-12-19T16:42:28.586833109Z""}],""settings"":{""data_rate"":{""lora"":{""bandwidth"":125000,""spreading_factor"":7,""coding_rate"":""4/5""}},""frequency"":""867500000"",""timestamp"":1921785012,""time"":""2024-12-19T16:42:28.553810Z""},""received_at"":""2024-12-19T16:42:28.609641860Z"",""consumed_airtime"":""0.061696s"",""network_ids"":{""net_id"":""000013"",""ns_id"":""EC656E0000000181"",""tenant_id"":""ttn"",""cluster_id"":""eu1"",""cluster_address"":""eu1.cloud.thethings.network""}}}"
"271099743","2024-12-19 17:37:22","/ttndata/eui-70b3d57ed006209e-co-04","{""end_device_ids"":{""device_id"":""eui-70b3d57ed006209e-co-04"",""application_ids"":{""application_id"":""test-provozu-aplikace""},""dev_eui"":""70B3D57ED006209E"",""join_eui"":""0000000000000000"",""dev_addr"":""260B88E6""},""correlation_ids"":[""gs:uplink:01JFFWFVWYBYBCCFX66PBJRHXP""],""received_at"":""2024-12-19T16:37:22.666458173Z"",""uplink_message"":{""session_key_id"":""AZPfLceE/QXyAvuwhkA+XQ=="",""f_port"":1,""f_cnt"":33,""frm_payload"":""NDsxMTgxOzQuNDs3MA=="",""decoded_payload"":{""format"":""string"",""msg"":""4;1181;4.4;70"",""sensor"":""CO2""},""rx_metadata"":[{""gateway_ids"":{""gateway_id"":""eui-50303541790d4750"",""eui"":""50303541790D4750""},""time"":""2024-12-19T16:37:22.416763Z"",""timestamp"":1615644124,""rssi"":-7,""channel_rssi"":-7,""snr"":9,""uplink_token"":""CiIKIAoUZXVpLTUwMzAzNTQxNzkwZDQ3NTASCFAwNUF5DUdQENyLs4IGGgwIwpeRuwYQ7NqD3AEg4MaT34KpAg=="",""channel_index"":1,""received_at"":""2024-12-19T16:37:22.439837627Z""}],""settings"":{""data_rate"":{""lora"":{""bandwidth"":125000,""spreading_factor"":7,""coding_rate"":""4/5""}},""frequency"":""868300000"",""timestamp"":1615644124,""time"":""2024-12-19T16:37:22.416763Z""},""received_at"":""2024-12-19T16:37:22.462753345Z"",""consumed_airtime"":""0.061696s"",""network_ids"":{""net_id"":""000013"",""ns_id"":""EC656E0000000181"",""tenant_id"":""ttn"",""cluster_id"":""eu1"",""cluster_address"":""eu1.cloud.thethings.network""}}}"
"271097036","2024-12-19 17:32:16","/ttndata/eui-70b3d57ed006209e-co-04","{""end_device_ids"":{""device_id"":""eui-70b3d57ed006209e-co-04"",""application_ids"":{""application_id"":""test-provozu-aplikace""},""dev_eui"":""70B3D57ED006209E"",""join_eui"":""0000000000000000"",""dev_addr"":""260B88E6""},""correlation_ids"":[""gs:uplink:01JFFW6GXT7AH9SRFGK0Z21MRF""],""received_at"":""2024-12-19T16:32:16.521613497Z"",""uplink_message"":{""session_key_id"":""AZPfLceE/QXyAvuwhkA+XQ=="",""f_port"":1,""f_cnt"":32,""frm_payload"":""NDsxMTM1OzQuMzs3MA=="",""decoded_payload"":{""format"":""string"",""msg"":""4;1135;4.3;70"",""sensor"":""CO2""},""rx_metadata"":[{""gateway_ids"":{""gateway_id"":""eui-50303541790d4750"",""eui"":""50303541790D4750""},""time"":""2024-12-19T16:32:16.269448Z"",""timestamp"":1309503276,""rssi"":-8,""channel_rssi"":-8,""snr"":9.75,""uplink_token"":""CiIKIAoUZXVpLTUwMzAzNTQxNzkwZDQ3NTASCFAwNUF5DUdQEKzetfAEGgwIkJWRuwYQurHllQEg4Ifpo46gAg=="",""channel_index"":4,""received_at"":""2024-12-19T16:32:16.292540169Z""}],""settings"":{""data_rate"":{""lora"":{""bandwidth"":125000,""spreading_factor"":7,""coding_rate"":""4/5""}},""frequency"":""867300000"",""timestamp"":1309503276,""time"":""2024-12-19T16:32:16.269448Z""},""received_at"":""2024-12-19T16:32:16.315256445Z"",""consumed_airtime"":""0.061696s"",""network_ids"":{""net_id"":""000013"",""ns_id"":""EC656E0000000181"",""tenant_id"":""ttn"",""cluster_id"":""eu1"",""cluster_address"":""eu1.cloud.thethings.network""}}}"
"271094231","2024-12-19 17:27:10","/ttndata/eui-70b3d57ed006209e-co-04","{""end_device_ids"":{""device_id"":""eui-70b3d57ed006209e-co-04"",""application_ids"":{""application_id"":""test-provozu-aplikace""},""dev_eui"":""70B3D57ED006209E"",""join_eui"":""0000000000000000"",""dev_addr"":""260B88E6""},""correlation_ids"":[""gs:uplink:01JFFVX5YX2QVJVSRY8SMA34BE""],""received_at"":""2024-12-19T16:27:10.385321169Z"",""uplink_message"":{""session_key_id"":""AZPfLceE/QXyAvuwhkA+XQ=="",""f_port"":1,""f_cnt"":31,""frm_payload"":""NDsxMTc0OzQuMDs3Mg=="",""decoded_payload"":{""format"":""string"",""msg"":""4;1174;4.0;72"",""sensor"":""CO2""},""rx_metadata"":[{""gateway_ids"":{""gateway_id"":""eui-50303541790d4750"",""eui"":""50303541790D4750""},""time"":""2024-12-19T16:27:10.132698Z"",""timestamp"":1003362403,""rssi"":-11,""channel_rssi"":-11,""snr"":9.75,""uplink_token"":""CiIKIAoUZXVpLTUwMzAzNTQxNzkwZDQ3NTASCFAwNUF5DUdQEOOwuN4DGgsI3pKRuwYQm4+6UiC4hb3omZcC"",""received_at"":""2024-12-19T16:27:10.150300381Z""}],""settings"":{""data_rate"":{""lora"":{""bandwidth"":125000,""spreading_factor"":7,""coding_rate"":""4/5""}},""frequency"":""868100000"",""timestamp"":1003362403,""time"":""2024-12-19T16:27:10.132698Z""},""received_at"":""2024-12-19T16:27:10.174665071Z"",""consumed_airtime"":""0.061696s"",""network_ids"":{""net_id"":""000013"",""ns_id"":""EC656E0000000181"",""tenant_id"":""ttn"",""cluster_id"":""eu1"",""cluster_address"":""eu1.cloud.thethings.network""}}}"
"271091146","2024-12-19 17:22:04","/ttndata/eui-70b3d57ed006209e-co-04","{""end_device_ids"":{""device_id"":""eui-70b3d57ed006209e-co-04"",""application_ids"":{""application_id"":""test-provozu-aplikace""},""dev_eui"":""70B3D57ED006209E"",""join_eui"":""0000000000000000"",""dev_addr"":""260B88E6""},""correlation_ids"":[""gs:uplink:01JFFVKV007AF3TP36GXWZHBHQ""],""received_at"":""2024-12-19T16:22:04.236303240Z"",""uplink_message"":{""session_key_id"":""AZPfLceE/QXyAvuwhkA+XQ=="",""f_port"":1,""f_cnt"":30,""frm_payload"":""NDsxMDkyOzMuMjs2OA=="",""decoded_payload"":{""format"":""string"",""msg"":""4;1092;3.2;68"",""sensor"":""CO2""},""rx_metadata"":[{""gateway_ids"":{""gateway_id"":""eui-50303541790d4750"",""eui"":""50303541790D4750""},""time"":""2024-12-19T16:22:03.995502Z"",""timestamp"":697221580,""rssi"":-11,""channel_rssi"":-11,""snr"":9.25,""uplink_token"":""CiIKIAoUZXVpLTUwMzAzNTQxNzkwZDQ3NTASCFAwNUF5DUdQEMyDu8wCGgsIrJCRuwYQrMyRDyDgiZStpY4C"",""channel_index"":3,""received_at"":""2024-12-19T16:22:04.008050713Z""}],""settings"":{""data_rate"":{""lora"":{""bandwidth"":125000,""spreading_factor"":7,""coding_rate"":""4/5""}},""frequency"":""867100000"",""timestamp"":697221580,""time"":""2024-12-19T16:22:03.995502Z""},""received_at"":""2024-12-19T16:22:04.032637993Z"",""consumed_airtime"":""0.061696s"",""network_ids"":{""net_id"":""000013"",""ns_id"":""EC656E0000000181"",""tenant_id"":""ttn"",""cluster_id"":""eu1"",""cluster_address"":""eu1.cloud.thethings.network""}}}"
"271087741","2024-12-19 17:16:58","/ttndata/eui-70b3d57ed006209e-co-04","{""end_device_ids"":{""device_id"":""eui-70b3d57ed006209e-co-04"",""application_ids"":{""application_id"":""test-provozu-aplikace""},""dev_eui"":""70B3D57ED006209E"",""join_eui"":""0000000000000000"",""dev_addr"":""260B88E6""},""correlation_ids"":[""gs:uplink:01JFFVAG0YFZSM96GGNHGN3M9D""],""received_at"":""2024-12-19T16:16:58.093513047Z"",""uplink_message"":{""session_key_id"":""AZPfLceE/QXyAvuwhkA+XQ=="",""f_port"":1,""f_cnt"":29,""frm_payload"":""NDsxMTQ1OzMuMTs2OA=="",""decoded_payload"":{""format"":""string"",""msg"":""4;1145;3.1;68"",""sensor"":""CO2""},""rx_metadata"":[{""gateway_ids"":{""gateway_id"":""eui-50303541790d4750"",""eui"":""50303541790D4750""},""time"":""2024-12-19T16:16:57.848459Z"",""timestamp"":391080740,""rssi"":-8,""channel_rssi"":-8,""snr"":6.75,""uplink_token"":""CiIKIAoUZXVpLTUwMzAzNTQxNzkwZDQ3NTASCFAwNUF5DUdQEKTWvboBGgwI+Y2RuwYQ0ZubpgMgoInq8bCFAg=="",""channel_index"":2,""received_at"":""2024-12-19T16:16:57.862981189Z""}],""settings"":{""data_rate"":{""lora"":{""bandwidth"":125000,""spreading_factor"":7,""coding_rate"":""4/5""}},""frequency"":""868500000"",""timestamp"":391080740,""time"":""2024-12-19T16:16:57.848459Z""},""received_at"":""2024-12-19T16:16:57.886736847Z"",""consumed_airtime"":""0.061696s"",""network_ids"":{""net_id"":""000013"",""ns_id"":""EC656E0000000181"",""tenant_id"":""ttn"",""cluster_id"":""eu1"",""cluster_address"":""eu1.cloud.thethings.network""}}}"
"271084731","2024-12-19 17:11:51","/ttndata/eui-70b3d57ed006209e-co-04","{""end_device_ids"":{""device_id"":""eui-70b3d57ed006209e-co-04"",""application_ids"":{""application_id"":""test-provozu-aplikace""},""dev_eui"":""70B3D57ED006209E"",""join_eui"":""0000000000000000"",""dev_addr"":""260B88E6""},""correlation_ids"":[""gs:uplink:01JFFV152BDWD6D3M1NC98ZAJ6""],""received_at"":""2024-12-19T16:11:51.964720688Z"",""uplink_message"":{""session_key_id"":""AZPfLceE/QXyAvuwhkA+XQ=="",""f_port"":1,""f_cnt"":28,""frm_payload"":""NDsxMDk1OzMuMDs2Nw=="",""decoded_payload"":{""format"":""string"",""msg"":""4;1095;3.0;67"",""sensor"":""CO2""},""rx_metadata"":[{""gateway_ids"":{""gateway_id"":""eui-50303541790d4750"",""eui"":""50303541790D4750""},""time"":""2024-12-19T16:11:51.710781Z"",""timestamp"":84939932,""rssi"":-11,""channel_rssi"":-11,""snr"":11,""uplink_token"":""CiIKIAoUZXVpLTUwMzAzNTQxNzkwZDQ3NTASCFAwNUF5DUdQEJypwCgaDAjHi5G7BhCwgZHoAiDggsK2vPwB"",""channel_index"":7,""received_at"":""2024-12-19T16:11:51.732790564Z""}],""settings"":{""data_rate"":{""lora"":{""bandwidth"":125000,""spreading_factor"":7,""coding_rate"":""4/5""}},""frequency"":""867900000"",""timestamp"":84939932,""time"":""2024-12-19T16:11:51.710781Z""},""received_at"":""2024-12-19T16:11:51.756622934Z"",""consumed_airtime"":""0.061696s"",""network_ids"":{""net_id"":""000013"",""ns_id"":""EC656E0000000181"",""tenant_id"":""ttn"",""cluster_id"":""eu1"",""cluster_address"":""eu1.cloud.thethings.network""}}}"
"271081288","2024-12-19 17:06:45","/ttndata/eui-70b3d57ed006209e-co-04","{""end_device_ids"":{""device_id"":""eui-70b3d57ed006209e-co-04"",""application_ids"":{""application_id"":""test-provozu-aplikace""},""dev_eui"":""70B3D57ED006209E"",""join_eui"":""0000000000000000"",""dev_addr"":""260B88E6""},""correlation_ids"":[""gs:uplink:01JFFTQT3EZ3WNRH7C8RNKR0FX""],""received_at"":""2024-12-19T16:06:45.822159640Z"",""uplink_message"":{""session_key_id"":""AZPfLceE/QXyAvuwhkA+XQ=="",""f_port"":1,""f_cnt"":27,""frm_payload"":""NDsxMDkwOzIuOTs2Nw=="",""decoded_payload"":{""format"":""string"",""msg"":""4;1090;2.9;67"",""sensor"":""CO2""},""rx_metadata"":[{""gateway_ids"":{""gateway_id"":""eui-50303541790d4750"",""eui"":""50303541790D4750""},""time"":""2024-12-19T16:06:45.574122Z"",""timestamp"":4073766412,""rssi"":-8,""channel_rssi"":-8,""snr"":9.5,""uplink_token"":""CiIKIAoUZXVpLTUwMzAzNTQxNzkwZDQ3NTASCFAwNUF5DUdQEIz8wpYPGgwIlYmRuwYQxKHmpAIg4L2Z+8fzAQ=="",""channel_index"":1,""received_at"":""2024-12-19T16:06:45.593916218Z""}],""settings"":{""data_rate"":{""lora"":{""bandwidth"":125000,""spreading_factor"":7,""coding_rate"":""4/5""}},""frequency"":""868300000"",""timestamp"":4073766412,""time"":""2024-12-19T16:06:45.574122Z""},""received_at"":""2024-12-19T16:06:45.615519423Z"",""consumed_airtime"":""0.061696s"",""network_ids"":{""net_id"":""000013"",""ns_id"":""EC656E0000000181"",""tenant_id"":""ttn"",""cluster_id"":""eu1"",""cluster_address"":""eu1.cloud.thethings.network""}}}"
"271077949","2024-12-19 17:01:39","/ttndata/eui-70b3d57ed006209e-co-04","{""end_device_ids"":{""device_id"":""eui-70b3d57ed006209e-co-04"",""application_ids"":{""application_id"":""test-provozu-aplikace""},""dev_eui"":""70B3D57ED006209E"",""join_eui"":""0000000000000000"",""dev_addr"":""260B88E6""},""correlation_ids"":[""gs:uplink:01JFFTEF4HE8YHY48H8FVY9511""],""received_at"":""2024-12-19T16:01:39.678677165Z"",""uplink_message"":{""session_key_id"":""AZPfLceE/QXyAvuwhkA+XQ=="",""f_port"":1,""f_cnt"":26,""frm_payload"":""NDsxMTI2OzIuODs2OA=="",""decoded_payload"":{""format"":""string"",""msg"":""4;1126;2.8;68"",""sensor"":""CO2""},""rx_metadata"":[{""gateway_ids"":{""gateway_id"":""eui-50303541790d4750"",""eui"":""50303541790D4750""},""time"":""2024-12-19T16:01:39.427359Z"",""timestamp"":3767625604,""rssi"":-9,""channel_rssi"":-9,""snr"":10.5,""uplink_token"":""CiIKIAoUZXVpLTUwMzAzNTQxNzkwZDQ3NTASCFAwNUF5DUdQEITPxYQOGgwI44aRuwYQlrWp4QEgoLfxv9PqAQ=="",""channel_index"":6,""received_at"":""2024-12-19T16:01:39.451236953Z""}],""settings"":{""data_rate"":{""lora"":{""bandwidth"":125000,""spreading_factor"":7,""coding_rate"":""4/5""}},""frequency"":""867700000"",""timestamp"":3767625604,""time"":""2024-12-19T16:01:39.427359Z""},""received_at"":""2024-12-19T16:01:39.473952135Z"",""consumed_airtime"":""0.061696s"",""network_ids"":{""net_id"":""000013"",""ns_id"":""EC656E0000000181"",""tenant_id"":""ttn"",""cluster_id"":""eu1"",""cluster_address"":""eu1.cloud.thethings.network""}}}"
"271074594","2024-12-19 16:56:33","/ttndata/eui-70b3d57ed006209e-co-04","{""end_device_ids"":{""device_id"":""eui-70b3d57ed006209e-co-04"",""application_ids"":{""application_id"":""test-provozu-aplikace""},""dev_eui"":""70B3D57ED006209E"",""join_eui"":""0000000000000000"",""dev_addr"":""260B88E6""},""correlation_ids"":[""gs:uplink:01JFFT545ZCJC664NYZRRZDKGY""],""received_at"":""2024-12-19T15:56:33.548428900Z"",""uplink_message"":{""session_key_id"":""AZPfLceE/QXyAvuwhkA+XQ=="",""f_port"":1,""f_cnt"":25,""frm_payload"":""NDsxMTIzOzIuNzs2OA=="",""decoded_payload"":{""format"":""string"",""msg"":""4;1123;2.7;68"",""sensor"":""CO2""},""rx_metadata"":[{""gateway_ids"":{""gateway_id"":""eui-50303541790d4750"",""eui"":""50303541790D4750""},""time"":""2024-12-19T15:56:33.289667Z"",""timestamp"":3461484795,""rssi"":-9,""channel_rssi"":-9,""snr"":9,""uplink_token"":""CiIKIAoUZXVpLTUwMzAzNTQxNzkwZDQ3NTASCFAwNUF5DUdQEPuhyPIMGgwIsYSRuwYQ/6TeowEg+KjJhN/hAQ=="",""received_at"":""2024-12-19T15:56:33.321540810Z""}],""settings"":{""data_rate"":{""lora"":{""bandwidth"":125000,""spreading_factor"":7,""coding_rate"":""4/5""}},""frequency"":""868100000"",""timestamp"":3461484795,""time"":""2024-12-19T15:56:33.289667Z""},""received_at"":""2024-12-19T15:56:33.344441735Z"",""consumed_airtime"":""0.061696s"",""network_ids"":{""net_id"":""000013"",""ns_id"":""EC656E0000000181"",""tenant_id"":""ttn"",""cluster_id"":""eu1"",""cluster_address"":""eu1.cloud.thethings.network""}}}"
"271071408","2024-12-19 16:51:27","/ttndata/eui-70b3d57ed006209e-co-04","{""end_device_ids"":{""device_id"":""eui-70b3d57ed006209e-co-04"",""application_ids"":{""application_id"":""test-provozu-aplikace""},""dev_eui"":""70B3D57ED006209E"",""join_eui"":""0000000000000000"",""dev_addr"":""260B88E6""},""correlation_ids"":[""gs:uplink:01JFFSVS7ERMX6M10JW6FMQHNS""],""received_at"":""2024-12-19T15:51:27.419435794Z"",""uplink_message"":{""session_key_id"":""AZPfLceE/QXyAvuwhkA+XQ=="",""f_port"":1,""f_cnt"":24,""frm_payload"":""NDsxMDk5OzIuNjs2OQ=="",""decoded_payload"":{""format"":""string"",""msg"":""4;1099;2.6;69"",""sensor"":""CO2""},""rx_metadata"":[{""gateway_ids"":{""gateway_id"":""eui-50303541790d4750"",""eui"":""50303541790D4750""},""time"":""2024-12-19T15:51:27.152201Z"",""timestamp"":3155343980,""rssi"":-9,""channel_rssi"":-9,""snr"":7.75,""uplink_token"":""CiIKIAoUZXVpLTUwMzAzNTQxNzkwZDQ3NTASCFAwNUF5DUdQEOz0yuALGgsI/4GRuwYQ2saNZiDg66DJ6tgB"",""channel_index"":5,""received_at"":""2024-12-19T15:51:27.191657276Z""}],""settings"":{""data_rate"":{""lora"":{""bandwidth"":125000,""spreading_factor"":7,""coding_rate"":""4/5""}},""frequency"":""867500000"",""timestamp"":3155343980,""time"":""2024-12-19T15:51:27.152201Z""},""received_at"":""2024-12-19T15:51:27.215027220Z"",""consumed_airtime"":""0.061696s"",""network_ids"":{""net_id"":""000013"",""ns_id"":""EC656E0000000181"",""tenant_id"":""ttn"",""cluster_id"":""eu1"",""cluster_address"":""eu1.cloud.thethings.network""}}}"
"271068422","2024-12-19 16:46:21","/ttndata/eui-70b3d57ed006209e-co-04","{""end_device_ids"":{""device_id"":""eui-70b3d57ed006209e-co-04"",""application_ids"":{""application_id"":""test-provozu-aplikace""},""dev_eui"":""70B3D57ED006209E"",""join_eui"":""0000000000000000"",""dev_addr"":""260B88E6""},""correlation_ids"":[""gs:uplink:01JFFSJE7ZEK9R4GW63R6N0X69""],""received_at"":""2024-12-19T15:46:21.278667085Z"",""uplink_message"":{""session_key_id"":""AZPfLceE/QXyAvuwhkA+XQ=="",""f_port"":1,""f_cnt"":23,""frm_payload"":""NDsxMTI3OzEuNzs2Nw=="",""decoded_payload"":{""format"":""string"",""msg"":""4;1127;1.7;67"",""sensor"":""CO2""},""rx_metadata"":[{""gateway_ids"":{""gateway_id"":""eui-50303541790d4750"",""eui"":""50303541790D4750""},""time"":""2024-12-19T15:46:21.005920Z"",""timestamp"":2849203164,""rssi"":-9,""channel_rssi"":-9,""snr"":7.25,""uplink_token"":""CiIKIAoUZXVpLTUwMzAzNTQxNzkwZDQ3NTASCFAwNUF5DUdQENzHzc4KGgsIzf+QuwYQv+aUGiDgpviN9s8B"",""channel_index"":2,""received_at"":""2024-12-19T15:46:21.031642123Z""}],""settings"":{""data_rate"":{""lora"":{""bandwidth"":125000,""spreading_factor"":7,""coding_rate"":""4/5""}},""frequency"":""868500000"",""timestamp"":2849203164,""time"":""2024-12-19T15:46:21.005920Z""},""received_at"":""2024-12-19T15:46:21.056300738Z"",""consumed_airtime"":""0.061696s"",""network_ids"":{""net_id"":""000013"",""ns_id"":""EC656E0000000181"",""tenant_id"":""ttn"",""cluster_id"":""eu1"",""cluster_address"":""eu1.cloud.thethings.network""}}}"
"271065256","2024-12-19 16:41:15","/ttndata/eui-70b3d57ed006209e-co-04","{""end_device_ids"":{""device_id"":""eui-70b3d57ed006209e-co-04"",""application_ids"":{""application_id"":""test-provozu-aplikace""},""dev_eui"":""70B3D57ED006209E"",""join_eui"":""0000000000000000"",""dev_addr"":""260B88E6""},""correlation_ids"":[""gs:uplink:01JFFS93923EKNVG3HE7WVT6E5""],""received_at"":""2024-12-19T15:41:15.120639525Z"",""uplink_message"":{""session_key_id"":""AZPfLceE/QXyAvuwhkA+XQ=="",""f_port"":1,""f_cnt"":22,""frm_payload"":""NDsxMTA4OzEuNjs2NA=="",""decoded_payload"":{""format"":""string"",""msg"":""4;1108;1.6;64"",""sensor"":""CO2""},""rx_metadata"":[{""gateway_ids"":{""gateway_id"":""eui-50303541790d4750"",""eui"":""50303541790D4750""},""time"":""2024-12-19T15:41:14.868770Z"",""timestamp"":2543062388,""rssi"":-8,""channel_rssi"":-8,""snr"":8.5,""uplink_token"":""CiIKIAoUZXVpLTUwMzAzNTQxNzkwZDQ3NTASCFAwNUF5DUdQEPSa0LwJGgwImv2QuwYQpunKswMgoJrS0oHHAQ=="",""channel_index"":4,""received_at"":""2024-12-19T15:41:14.889730921Z""}],""settings"":{""data_rate"":{""lora"":{""bandwidth"":125000,""spreading_factor"":7,""coding_rate"":""4/5""}},""frequency"":""867300000"",""timestamp"":2543062388,""time"":""2024-12-19T15:41:14.868770Z""},""received_at"":""2024-12-19T15:41:14.914788441Z"",""consumed_airtime"":""0.061696s"",""network_ids"":{""net_id"":""000013"",""ns_id"":""EC656E0000000181"",""tenant_id"":""ttn"",""cluster_id"":""eu1"",""cluster_address"":""eu1.cloud.thethings.network""}}}"
"271062101","2024-12-19 16:36:10","/ttndata/eui-70b3d57ed006209e-co-04","{""end_device_ids"":{""device_id"":""eui-70b3d57ed006209e-co-04"",""application_ids"":{""application_id"":""test-provozu-aplikace""},""dev_eui"":""70B3D57ED006209E"",""join_eui"":""0000000000000000"",""dev_addr"":""260B88E6""},""correlation_ids"":[""gs:uplink:01JFFRZSAJXHJ66M3AWZSEKZ5D""],""received_at"":""2024-12-19T15:36:10.015121772Z"",""uplink_message"":{""session_key_id"":""AZPfLceE/QXyAvuwhkA+XQ=="",""f_port"":1,""f_cnt"":21,""frm_payload"":""NDsxMTA4OzEuNjs2NQ=="",""decoded_payload"":{""format"":""string"",""msg"":""4;1108;1.6;65"",""sensor"":""CO2""},""rx_metadata"":[{""gateway_ids"":{""gateway_id"":""eui-50303541790d4750"",""eui"":""50303541790D4750""},""time"":""2024-12-19T15:36:09.775610Z"",""timestamp"":2237965668,""rssi"":-11,""channel_rssi"":-11,""snr"":10,""uplink_token"":""CiIKIAoUZXVpLTUwMzAzNTQxNzkwZDQ3NTASCFAwNUF5DUdQEOTKkqsIGgwI6fqQuwYQ/o+nggMgoJ2YiZG+AQ=="",""channel_index"":1,""received_at"":""2024-12-19T15:36:09.787077989Z""}],""settings"":{""data_rate"":{""lora"":{""bandwidth"":125000,""spreading_factor"":7,""coding_rate"":""4/5""}},""frequency"":""868300000"",""timestamp"":2237965668,""time"":""2024-12-19T15:36:09.775610Z""},""received_at"":""2024-12-19T15:36:09.811280730Z"",""consumed_airtime"":""0.066816s"",""network_ids"":{""net_id"":""000013"",""ns_id"":""EC656E0000000181"",""tenant_id"":""ttn"",""cluster_id"":""eu1"",""cluster_address"":""eu1.cloud.thethings.network""}}}"
"271058809","2024-12-19 16:31:04","/ttndata/eui-70b3d57ed006209e-co-04","{""end_device_ids"":{""device_id"":""eui-70b3d57ed006209e-co-04"",""application_ids"":{""application_id"":""test-provozu-aplikace""},""dev_eui"":""70B3D57ED006209E"",""join_eui"":""0000000000000000"",""dev_addr"":""260B88E6""},""correlation_ids"":[""gs:uplink:01JFFRPFC31T4P9PTK9VHK5528""],""received_at"":""2024-12-19T15:31:04.912278632Z"",""uplink_message"":{""session_key_id"":""AZPfLceE/QXyAvuwhkA+XQ=="",""f_port"":1,""f_cnt"":20,""frm_payload"":""NDsxMTI3OzEuNTs2NA=="",""decoded_payload"":{""format"":""string"",""msg"":""4;1127;1.5;64"",""sensor"":""CO2""},""rx_metadata"":[{""gateway_ids"":{""gateway_id"":""eui-50303541790d4750"",""eui"":""50303541790D4750""},""time"":""2024-12-19T15:31:04.657128Z"",""timestamp"":1932853668,""rssi"":-11,""channel_rssi"":-11,""snr"":10.75,""uplink_token"":""CiIKIAoUZXVpLTUwMzAzNTQxNzkwZDQ3NTASCFAwNUF5DUdQEKSD1JkHGgwIuPiQuwYQ+9+V0QIgoNG5uKC1AQ=="",""channel_index"":3,""received_at"":""2024-12-19T15:31:04.684965916Z""}],""settings"":{""data_rate"":{""lora"":{""bandwidth"":125000,""spreading_factor"":7,""coding_rate"":""4/5""}},""frequency"":""867100000"",""timestamp"":1932853668,""time"":""2024-12-19T15:31:04.657128Z""},""received_at"":""2024-12-19T15:31:04.708407143Z"",""consumed_airtime"":""0.061696s"",""network_ids"":{""net_id"":""000013"",""ns_id"":""EC656E0000000181"",""tenant_id"":""ttn"",""cluster_id"":""eu1"",""cluster_address"":""eu1.cloud.thethings.network""}}}"
"271055647","2024-12-19 16:25:58","/ttndata/eui-70b3d57ed006209e-co-04","{""end_device_ids"":{""device_id"":""eui-70b3d57ed006209e-co-04"",""application_ids"":{""application_id"":""test-provozu-aplikace""},""dev_eui"":""70B3D57ED006209E"",""join_eui"":""0000000000000000"",""dev_addr"":""260B88E6""},""correlation_ids"":[""gs:uplink:01JFFRD4D0F0YGAQ7SJKQ78P05""],""received_at"":""2024-12-19T15:25:58.769313202Z"",""uplink_message"":{""session_key_id"":""AZPfLceE/QXyAvuwhkA+XQ=="",""f_port"":1,""f_cnt"":19,""frm_payload"":""NDsxMTIyOzEuMzs2Mw=="",""decoded_payload"":{""format"":""string"",""msg"":""4;1122;1.3;63"",""sensor"":""CO2""},""rx_metadata"":[{""gateway_ids"":{""gateway_id"":""eui-50303541790d4750"",""eui"":""50303541790D4750""},""time"":""2024-12-19T15:25:58.520506Z"",""timestamp"":1626712875,""rssi"":-11,""channel_rssi"":-11,""snr"":11,""uplink_token"":""CiIKIAoUZXVpLTUwMzAzNTQxNzkwZDQ3NTASCFAwNUF5DUdQEKvW1ocGGgwIhvaQuwYQobKAiwIg+L+S/ausAQ=="",""received_at"":""2024-12-19T15:25:58.537815362Z""}],""settings"":{""data_rate"":{""lora"":{""bandwidth"":125000,""spreading_factor"":7,""coding_rate"":""4/5""}},""frequency"":""868100000"",""timestamp"":1626712875,""time"":""2024-12-19T15:25:58.520506Z""},""received_at"":""2024-12-19T15:25:58.561034771Z"",""consumed_airtime"":""0.061696s"",""network_ids"":{""net_id"":""000013"",""ns_id"":""EC656E0000000181"",""tenant_id"":""ttn"",""cluster_id"":""eu1"",""cluster_address"":""eu1.cloud.thethings.network""}}}"
"271052056","2024-12-19 16:20:52","/ttndata/eui-70b3d57ed006209e-co-04","{""end_device_ids"":{""device_id"":""eui-70b3d57ed006209e-co-04"",""application_ids"":{""application_id"":""test-provozu-aplikace""},""dev_eui"":""70B3D57ED006209E"",""join_eui"":""0000000000000000"",""dev_addr"":""260B88E6""},""correlation_ids"":[""gs:uplink:01JFFR3SE2CE8RTAKR6K5BAYDW""],""received_at"":""2024-12-19T15:20:52.627883887Z"",""uplink_message"":{""session_key_id"":""AZPfLceE/QXyAvuwhkA+XQ=="",""f_port"":1,""f_cnt"":18,""frm_payload"":""NDsxMTc1OzEuNDs2Mg=="",""decoded_payload"":{""format"":""string"",""msg"":""4;1175;1.4;62"",""sensor"":""CO2""},""rx_metadata"":[{""gateway_ids"":{""gateway_id"":""eui-50303541790d4750"",""eui"":""50303541790D4750""},""time"":""2024-12-19T15:20:52.383280Z"",""timestamp"":1320572052,""rssi"":-9,""channel_rssi"":-9,""snr"":9.25,""uplink_token"":""CiIKIAoUZXVpLTUwMzAzNTQxNzkwZDQ3NTASCFAwNUF5DUdQEJSp2fUEGgwI1POQuwYQ1MfGxwEgoMTpwbejAQ=="",""channel_index"":7,""received_at"":""2024-12-19T15:20:52.396935470Z""}],""settings"":{""data_rate"":{""lora"":{""bandwidth"":125000,""spreading_factor"":7,""coding_rate"":""4/5""}},""frequency"":""867900000"",""timestamp"":1320572052,""time"":""2024-12-19T15:20:52.383280Z""},""received_at"":""2024-12-19T15:20:52.419614797Z"",""consumed_airtime"":""0.061696s"",""network_ids"":{""net_id"":""000013"",""ns_id"":""EC656E0000000181"",""tenant_id"":""ttn"",""cluster_id"":""eu1"",""cluster_address"":""eu1.cloud.thethings.network""}}}"
"271049013","2024-12-19 16:15:46","/ttndata/eui-70b3d57ed006209e-co-04","{""end_device_ids"":{""device_id"":""eui-70b3d57ed006209e-co-04"",""application_ids"":{""application_id"":""test-provozu-aplikace""},""dev_eui"":""70B3D57ED006209E"",""join_eui"":""0000000000000000"",""dev_addr"":""260B88E6""},""correlation_ids"":[""gs:uplink:01JFFQTEFBJVTYZWKC3S0KFZ3E""],""received_at"":""2024-12-19T15:15:46.489958644Z"",""uplink_message"":{""session_key_id"":""AZPfLceE/QXyAvuwhkA+XQ=="",""f_port"":1,""f_cnt"":17,""frm_payload"":""NDsxMTA2OzEuMzs2Mw=="",""decoded_payload"":{""format"":""string"",""msg"":""4;1106;1.3;63"",""sensor"":""CO2""},""rx_metadata"":[{""gateway_ids"":{""gateway_id"":""eui-50303541790d4750"",""eui"":""50303541790D4750""},""time"":""2024-12-19T15:15:46.236335Z"",""timestamp"":1014431252,""rssi"":-9,""channel_rssi"":-9,""snr"":7.25,""uplink_token"":""CiIKIAoUZXVpLTUwMzAzNTQxNzkwZDQ3NTASCFAwNUF5DUdQEJT82+MDGgwIovGQuwYQtJ/7hgEgoPzBhsOaAQ=="",""channel_index"":2,""received_at"":""2024-12-19T15:15:46.261666424Z""}],""settings"":{""data_rate"":{""lora"":{""bandwidth"":125000,""spreading_factor"":7,""coding_rate"":""4/5""}},""frequency"":""868500000"",""timestamp"":1014431252,""time"":""2024-12-19T15:15:46.236335Z""},""received_at"":""2024-12-19T15:15:46.284038091Z"",""consumed_airtime"":""0.061696s"",""network_ids"":{""net_id"":""000013"",""ns_id"":""EC656E0000000181"",""tenant_id"":""ttn"",""cluster_id"":""eu1"",""cluster_address"":""eu1.cloud.thethings.network""}}}"
"271045833","2024-12-19 16:10:40","/ttndata/eui-70b3d57ed006209e-co-04","{""end_device_ids"":{""device_id"":""eui-70b3d57ed006209e-co-04"",""application_ids"":{""application_id"":""test-provozu-aplikace""},""dev_eui"":""70B3D57ED006209E"",""join_eui"":""0000000000000000"",""dev_addr"":""260B88E6""},""correlation_ids"":[""gs:uplink:01JFFQH3G8MJJPNSGC44HEFVCT""],""received_at"":""2024-12-19T15:10:40.343947198Z"",""uplink_message"":{""session_key_id"":""AZPfLceE/QXyAvuwhkA+XQ=="",""f_port"":1,""f_cnt"":16,""frm_payload"":""NDsxMDYwOzEuMzs2MA=="",""decoded_payload"":{""format"":""string"",""msg"":""4;1060;1.3;60"",""sensor"":""CO2""},""rx_metadata"":[{""gateway_ids"":{""gateway_id"":""eui-50303541790d4750"",""eui"":""50303541790D4750""},""time"":""2024-12-19T15:10:40.098589Z"",""timestamp"":708290420,""rssi"":-7,""channel_rssi"":-7,""snr"":8.75,""uplink_token"":""CiIKIAoUZXVpLTUwMzAzNTQxNzkwZDQ3NTASCFAwNUF5DUdQEPTO3tECGgsI8O6QuwYQpN3aQCCgupjLzpEB"",""channel_index"":6,""received_at"":""2024-12-19T15:10:40.113415981Z""}],""settings"":{""data_rate"":{""lora"":{""bandwidth"":125000,""spreading_factor"":7,""coding_rate"":""4/5""}},""frequency"":""867700000"",""timestamp"":708290420,""time"":""2024-12-19T15:10:40.098589Z""},""received_at"":""2024-12-19T15:10:40.137507358Z"",""consumed_airtime"":""0.061696s"",""network_ids"":{""net_id"":""000013"",""ns_id"":""EC656E0000000181"",""tenant_id"":""ttn"",""cluster_id"":""eu1"",""cluster_address"":""eu1.cloud.thethings.network""}}}"
"271042440","2024-12-19 16:05:34","/ttndata/eui-70b3d57ed006209e-co-04","{""end_device_ids"":{""device_id"":""eui-70b3d57ed006209e-co-04"",""application_ids"":{""application_id"":""test-provozu-aplikace""},""dev_eui"":""70B3D57ED006209E"",""join_eui"":""0000000000000000"",""dev_addr"":""260B88E6""},""correlation_ids"":[""gs:uplink:01JFFQ7RHBWJS2ZG64XRK9NNSM""],""received_at"":""2024-12-19T15:05:34.201681890Z"",""uplink_message"":{""session_key_id"":""AZPfLceE/QXyAvuwhkA+XQ=="",""f_port"":1,""f_cnt"":15,""frm_payload"":""NDsxMDU2OzEuMzs1OA=="",""decoded_payload"":{""format"":""string"",""msg"":""4;1056;1.3;58"",""sensor"":""CO2""},""rx_metadata"":[{""gateway_ids"":{""gateway_id"":""eui-50303541790d4750"",""eui"":""50303541790D4750""},""time"":""2024-12-19T15:05:33.962026Z"",""timestamp"":402149644,""rssi"":-11,""channel_rssi"":-11,""snr"":10.25,""uplink_token"":""CiIKIAoUZXVpLTUwMzAzNTQxNzkwZDQ3NTASCFAwNUF5DUdQEIyi4b8BGgwIveyQuwYQseye2gMg4K3yj9qIAQ=="",""channel_index"":1,""received_at"":""2024-12-19T15:05:33.970979639Z""}],""settings"":{""data_rate"":{""lora"":{""bandwidth"":125000,""spreading_factor"":7,""coding_rate"":""4/5""}},""frequency"":""868300000"",""timestamp"":402149644,""time"":""2024-12-19T15:05:33.962026Z""},""received_at"":""2024-12-19T15:05:33.995747290Z"",""consumed_airtime"":""0.061696s"",""network_ids"":{""net_id"":""000013"",""ns_id"":""EC656E0000000181"",""tenant_id"":""ttn"",""cluster_id"":""eu1"",""cluster_address"":""eu1.cloud.thethings.network""}}}"
"271039159","2024-12-19 16:00:29","/ttndata/eui-70b3d57ed006209e-co-04","{""end_device_ids"":{""device_id"":""eui-70b3d57ed006209e-co-04"",""application_ids"":{""application_id"":""test-provozu-aplikace""},""dev_eui"":""70B3D57ED006209E"",""join_eui"":""0000000000000000"",""dev_addr"":""260B88E6""},""correlation_ids"":[""gs:uplink:01JFFPYEK2V05YEZT920RJ0Z93""],""received_at"":""2024-12-19T15:00:29.103181357Z"",""uplink_message"":{""session_key_id"":""AZPfLceE/QXyAvuwhkA+XQ=="",""f_port"":1,""f_cnt"":14,""frm_payload"":""NDsxMTE3OzEuNDs1Nw=="",""decoded_payload"":{""format"":""string"",""msg"":""4;1117;1.4;57"",""sensor"":""CO2""},""rx_metadata"":[{""gateway_ids"":{""gateway_id"":""eui-50303541790d4750"",""eui"":""50303541790D4750""},""time"":""2024-12-19T15:00:28.854132Z"",""timestamp"":97047732,""rssi"":-8,""channel_rssi"":-8,""snr"":8.5,""uplink_token"":""CiIKIAoUZXVpLTUwMzAzNTQxNzkwZDQ3NTASCFAwNUF5DUdQELSpoy4aDAiM6pC7BhDM3eyrAyCgvvvD6X8="",""channel_index"":5,""received_at"":""2024-12-19T15:00:28.873804588Z""}],""settings"":{""data_rate"":{""lora"":{""bandwidth"":125000,""spreading_factor"":7,""coding_rate"":""4/5""}},""frequency"":""867500000"",""timestamp"":97047732,""time"":""2024-12-19T15:00:28.854132Z""},""received_at"":""2024-12-19T15:00:28.898716475Z"",""consumed_airtime"":""0.061696s"",""network_ids"":{""net_id"":""000013"",""ns_id"":""EC656E0000000181"",""tenant_id"":""ttn"",""cluster_id"":""eu1"",""cluster_address"":""eu1.cloud.thethings.network""}}}"
"271035919","2024-12-19 15:55:23","/ttndata/eui-70b3d57ed006209e-co-04","{""end_device_ids"":{""device_id"":""eui-70b3d57ed006209e-co-04"",""application_ids"":{""application_id"":""test-provozu-aplikace""},""dev_eui"":""70B3D57ED006209E"",""join_eui"":""0000000000000000"",""dev_addr"":""260B88E6""},""correlation_ids"":[""gs:uplink:01JFFPN3MGV97B7YSE9N208FZ3""],""received_at"":""2024-12-19T14:55:22.971535943Z"",""uplink_message"":{""session_key_id"":""AZPfLceE/QXyAvuwhkA+XQ=="",""f_port"":1,""f_cnt"":13,""frm_payload"":""NDsxMTE1OzEuODs1Mw=="",""decoded_payload"":{""format"":""string"",""msg"":""4;1115;1.8;53"",""sensor"":""CO2""},""rx_metadata"":[{""gateway_ids"":{""gateway_id"":""eui-50303541790d4750"",""eui"":""50303541790D4750""},""time"":""2024-12-19T14:55:22.716720Z"",""timestamp"":4085874195,""rssi"":-11,""channel_rssi"":-11,""snr"":9.75,""uplink_token"":""CiIKIAoUZXVpLTUwMzAzNTQxNzkwZDQ3NTASCFAwNUF5DUdQEJP8pZwPGgwI2ueQuwYQz8WK7gIguPTRiPV2"",""received_at"":""2024-12-19T14:55:22.746981372Z""}],""settings"":{""data_rate"":{""lora"":{""bandwidth"":125000,""spreading_factor"":7,""coding_rate"":""4/5""}},""frequency"":""868100000"",""timestamp"":4085874195,""time"":""2024-12-19T14:55:22.716720Z""},""received_at"":""2024-12-19T14:55:22.768619386Z"",""consumed_airtime"":""0.061696s"",""network_ids"":{""net_id"":""000013"",""ns_id"":""EC656E0000000181"",""tenant_id"":""ttn"",""cluster_id"":""eu1"",""cluster_address"":""eu1.cloud.thethings.network""}}}"
"271032703","2024-12-19 15:50:16","/ttndata/eui-70b3d57ed006209e-co-04","{""end_device_ids"":{""device_id"":""eui-70b3d57ed006209e-co-04"",""application_ids"":{""application_id"":""test-provozu-aplikace""},""dev_eui"":""70B3D57ED006209E"",""join_eui"":""0000000000000000"",""dev_addr"":""260B88E6""},""correlation_ids"":[""gs:uplink:01JFFPBRN242FN3PW5N7H851JP""],""received_at"":""2024-12-19T14:50:16.813985231Z"",""uplink_message"":{""session_key_id"":""AZPfLceE/QXyAvuwhkA+XQ=="",""f_port"":1,""f_cnt"":12,""frm_payload"":""NDs5NTE7My4zOzQ3"",""decoded_payload"":{""format"":""string"",""msg"":""4;951;3.3;47"",""sensor"":""CO2""},""rx_metadata"":[{""gateway_ids"":{""gateway_id"":""eui-50303541790d4750"",""eui"":""50303541790D4750""},""time"":""2024-12-19T14:50:16.579196Z"",""timestamp"":3779733284,""rssi"":-11,""channel_rssi"":-11,""snr"":9.75,""uplink_token"":""CiIKIAoUZXVpLTUwMzAzNTQxNzkwZDQ3NTASCFAwNUF5DUdQEKTOqIoOGgwIqOWQuwYQ0oGJogIgoMmjzYBu"",""channel_index"":4,""received_at"":""2024-12-19T14:50:16.586511477Z""}],""settings"":{""data_rate"":{""lora"":{""bandwidth"":125000,""spreading_factor"":7,""coding_rate"":""4/5""}},""frequency"":""867300000"",""timestamp"":3779733284,""time"":""2024-12-19T14:50:16.579196Z""},""received_at"":""2024-12-19T14:50:16.610811710Z"",""consumed_airtime"":""0.061696s"",""network_ids"":{""net_id"":""000013"",""ns_id"":""EC656E0000000181"",""tenant_id"":""ttn"",""cluster_id"":""eu1"",""cluster_address"":""eu1.cloud.thethings.network""}}}"
"271029283","2024-12-19 15:45:10","/ttndata/eui-70b3d57ed006209e-co-04","{""end_device_ids"":{""device_id"":""eui-70b3d57ed006209e-co-04"",""application_ids"":{""application_id"":""test-provozu-aplikace""},""dev_eui"":""70B3D57ED006209E"",""join_eui"":""0000000000000000"",""dev_addr"":""260B88E6""},""correlation_ids"":[""gs:uplink:01JFFP2DP3S774EQRK8MDTQ9BH""],""received_at"":""2024-12-19T14:45:10.671838808Z"",""uplink_message"":{""session_key_id"":""AZPfLceE/QXyAvuwhkA+XQ=="",""f_port"":1,""f_cnt"":11,""frm_payload"":""NDsxMTY4OzUuNTs0OA=="",""decoded_payload"":{""format"":""string"",""msg"":""4;1168;5.5;48"",""sensor"":""CO2""},""rx_metadata"":[{""gateway_ids"":{""gateway_id"":""eui-50303541790d4750"",""eui"":""50303541790D4750""},""time"":""2024-12-19T14:45:10.432794Z"",""timestamp"":3473592332,""rssi"":-7,""channel_rssi"":-7,""snr"":8,""uplink_token"":""CiIKIAoUZXVpLTUwMzAzNTQxNzkwZDQ3NTASCFAwNUF5DUdQEIygq/gMGgwI9uKQuwYQiKbb3gEg4N3ykYxl"",""channel_index"":2,""received_at"":""2024-12-19T14:45:10.444532311Z""}],""settings"":{""data_rate"":{""lora"":{""bandwidth"":125000,""spreading_factor"":7,""coding_rate"":""4/5""}},""frequency"":""868500000"",""timestamp"":3473592332,""time"":""2024-12-19T14:45:10.432794Z""},""received_at"":""2024-12-19T14:45:10.468662924Z"",""consumed_airtime"":""0.061696s"",""network_ids"":{""net_id"":""000013"",""ns_id"":""EC656E0000000181"",""tenant_id"":""ttn"",""cluster_id"":""eu1"",""cluster_address"":""eu1.cloud.thethings.network""}}}"
"271025977","2024-12-19 15:40:04","/ttndata/eui-70b3d57ed006209e-co-04","{""end_device_ids"":{""device_id"":""eui-70b3d57ed006209e-co-04"",""application_ids"":{""application_id"":""test-provozu-aplikace""},""dev_eui"":""70B3D57ED006209E"",""join_eui"":""0000000000000000"",""dev_addr"":""260B88E6""},""correlation_ids"":[""gs:uplink:01JFFNS2Q6CAR2VB76CV162BEP""],""received_at"":""2024-12-19T14:40:04.533865167Z"",""uplink_message"":{""session_key_id"":""AZPfLceE/QXyAvuwhkA+XQ=="",""f_port"":1,""f_cnt"":10,""frm_payload"":""NDsxMTAwOzcuOTs0OA=="",""decoded_payload"":{""format"":""string"",""msg"":""4;1100;7.9;48"",""sensor"":""CO2""},""rx_metadata"":[{""gateway_ids"":{""gateway_id"":""eui-50303541790d4750"",""eui"":""50303541790D4750""},""time"":""2024-12-19T14:40:04.295403Z"",""timestamp"":3167451244,""rssi"":-13,""channel_rssi"":-13,""snr"":10.75,""uplink_token"":""CiIKIAoUZXVpLTUwMzAzNTQxNzkwZDQ3NTASCFAwNUF5DUdQEOzwreYLGgwIxOCQuwYQ0o3AmwEg4Mu51pdc"",""channel_index"":3,""received_at"":""2024-12-19T14:40:04.303224175Z""}],""settings"":{""data_rate"":{""lora"":{""bandwidth"":125000,""spreading_factor"":7,""coding_rate"":""4/5""}},""frequency"":""867100000"",""timestamp"":3167451244,""time"":""2024-12-19T14:40:04.295403Z""},""received_at"":""2024-12-19T14:40:04.327676608Z"",""consumed_airtime"":""0.061696s"",""network_ids"":{""net_id"":""000013"",""ns_id"":""EC656E0000000181"",""tenant_id"":""ttn"",""cluster_id"":""eu1"",""cluster_address"":""eu1.cloud.thethings.network""}}}"
"271022698","2024-12-19 15:34:58","/ttndata/eui-70b3d57ed006209e-co-04","{""end_device_ids"":{""device_id"":""eui-70b3d57ed006209e-co-04"",""application_ids"":{""application_id"":""test-provozu-aplikace""},""dev_eui"":""70B3D57ED006209E"",""join_eui"":""0000000000000000"",""dev_addr"":""260B88E6""},""correlation_ids"":[""gs:uplink:01JFFNFQREMZP1VZADJYDH8C02""],""received_at"":""2024-12-19T14:34:58.400011731Z"",""uplink_message"":{""session_key_id"":""AZPfLceE/QXyAvuwhkA+XQ=="",""f_port"":1,""f_cnt"":9,""frm_payload"":""NDsxMDc1OzEwLjY7NTA="",""decoded_payload"":{""format"":""string"",""msg"":""4;1075;10.6;50"",""sensor"":""CO2""},""rx_metadata"":[{""gateway_ids"":{""gateway_id"":""eui-50303541790d4750"",""eui"":""50303541790D4750""},""time"":""2024-12-19T14:34:58.157373Z"",""timestamp"":2861310172,""rssi"":-8,""channel_rssi"":-8,""snr"":9.75,""uplink_token"":""CiIKIAoUZXVpLTUwMzAzNTQxNzkwZDQ3NTASCFAwNUF5DUdQENzBsNQKGgsIkt6QuwYQ2eHpWiDgtoGbo1M="",""channel_index"":1,""received_at"":""2024-12-19T14:34:58.167925026Z""}],""settings"":{""data_rate"":{""lora"":{""bandwidth"":125000,""spreading_factor"":7,""coding_rate"":""4/5""}},""frequency"":""868300000"",""timestamp"":2861310172,""time"":""2024-12-19T14:34:58.157373Z""},""received_at"":""2024-12-19T14:34:58.191827202Z"",""consumed_airtime"":""0.066816s"",""network_ids"":{""net_id"":""000013"",""ns_id"":""EC656E0000000181"",""tenant_id"":""ttn"",""cluster_id"":""eu1"",""cluster_address"":""eu1.cloud.thethings.network""}}}"
"271019402","2024-12-19 15:29:52","/ttndata/eui-70b3d57ed006209e-co-04","{""end_device_ids"":{""device_id"":""eui-70b3d57ed006209e-co-04"",""application_ids"":{""application_id"":""test-provozu-aplikace""},""dev_eui"":""70B3D57ED006209E"",""join_eui"":""0000000000000000"",""dev_addr"":""260B88E6""},""correlation_ids"":[""gs:uplink:01JFFN6CS6EESH8CS862S7GP2T""],""received_at"":""2024-12-19T14:29:52.247146361Z"",""uplink_message"":{""session_key_id"":""AZPfLceE/QXyAvuwhkA+XQ=="",""f_port"":1,""f_cnt"":8,""frm_payload"":""NDsxMTEzOzEzLjE7NTI="",""decoded_payload"":{""format"":""string"",""msg"":""4;1113;13.1;52"",""sensor"":""CO2""},""rx_metadata"":[{""gateway_ids"":{""gateway_id"":""eui-50303541790d4750"",""eui"":""50303541790D4750""},""time"":""2024-12-19T14:29:52.005933Z"",""timestamp"":2555163820,""rssi"":-9,""channel_rssi"":-9,""snr"":9.25,""uplink_token"":""CiIKIAoUZXVpLTUwMzAzNTQxNzkwZDQ3NTASCFAwNUF5DUdQEKzpssIJGgsI4NuQuwYQlL/aESDg/4bdrko="",""channel_index"":7,""received_at"":""2024-12-19T14:29:52.014299223Z""}],""settings"":{""data_rate"":{""lora"":{""bandwidth"":125000,""spreading_factor"":7,""coding_rate"":""4/5""}},""frequency"":""867900000"",""timestamp"":2555163820,""time"":""2024-12-19T14:29:52.005933Z""},""received_at"":""2024-12-19T14:29:52.040088160Z"",""consumed_airtime"":""0.066816s"",""network_ids"":{""net_id"":""000013"",""ns_id"":""EC656E0000000181"",""tenant_id"":""ttn"",""cluster_id"":""eu1"",""cluster_address"":""eu1.cloud.thethings.network""}}}"
"271016214","2024-12-19 15:24:46","/ttndata/eui-70b3d57ed006209e-co-04","{""end_device_ids"":{""device_id"":""eui-70b3d57ed006209e-co-04"",""application_ids"":{""application_id"":""test-provozu-aplikace""},""dev_eui"":""70B3D57ED006209E"",""join_eui"":""0000000000000000"",""dev_addr"":""260B88E6""},""correlation_ids"":[""gs:uplink:01JFFMX1TEW9GRJP4P16P75KYX""],""received_at"":""2024-12-19T14:24:46.106882806Z"",""uplink_message"":{""session_key_id"":""AZPfLceE/QXyAvuwhkA+XQ=="",""f_port"":1,""f_cnt"":7,""frm_payload"":""NDsxMTA2OzE0LjE7NDk="",""decoded_payload"":{""format"":""string"",""msg"":""4;1106;14.1;49"",""sensor"":""CO2""},""rx_metadata"":[{""gateway_ids"":{""gateway_id"":""eui-50303541790d4750"",""eui"":""50303541790D4750""},""time"":""2024-12-19T14:24:45.863103Z"",""timestamp"":2249017467,""rssi"":-9,""channel_rssi"":-9,""snr"":9,""uplink_token"":""CiIKIAoUZXVpLTUwMzAzNTQxNzkwZDQ3NTASCFAwNUF5DUdQEPuQtbAIGgwIrdmQuwYQ+YegrgMg+MCMn7pB"",""received_at"":""2024-12-19T14:24:45.878413775Z""}],""settings"":{""data_rate"":{""lora"":{""bandwidth"":125000,""spreading_factor"":7,""coding_rate"":""4/5""}},""frequency"":""868100000"",""timestamp"":2249017467,""time"":""2024-12-19T14:24:45.863103Z""},""received_at"":""2024-12-19T14:24:45.903330134Z"",""consumed_airtime"":""0.066816s"",""network_ids"":{""net_id"":""000013"",""ns_id"":""EC656E0000000181"",""tenant_id"":""ttn"",""cluster_id"":""eu1"",""cluster_address"":""eu1.cloud.thethings.network""}}}"
"271012862","2024-12-19 15:19:40","/ttndata/eui-70b3d57ed006209e-co-04","{""end_device_ids"":{""device_id"":""eui-70b3d57ed006209e-co-04"",""application_ids"":{""application_id"":""test-provozu-aplikace""},""dev_eui"":""70B3D57ED006209E"",""join_eui"":""0000000000000000"",""dev_addr"":""260B88E6""},""correlation_ids"":[""gs:uplink:01JFFMKPVXDPEHVRAXNJV6WCAY""],""received_at"":""2024-12-19T14:19:39.979600182Z"",""uplink_message"":{""session_key_id"":""AZPfLceE/QXyAvuwhkA+XQ=="",""f_port"":1,""f_cnt"":6,""frm_payload"":""NDsxMDkzOzEyLjM7NDg="",""decoded_payload"":{""format"":""string"",""msg"":""4;1093;12.3;48"",""sensor"":""CO2""},""rx_metadata"":[{""gateway_ids"":{""gateway_id"":""eui-50303541790d4750"",""eui"":""50303541790D4750""},""time"":""2024-12-19T14:19:39.720492Z"",""timestamp"":1942871116,""rssi"":-9,""channel_rssi"":-9,""snr"":10,""uplink_token"":""CiIKIAoUZXVpLTUwMzAzNTQxNzkwZDQ3NTASCFAwNUF5DUdQEMy4t54HGgwI+9aQuwYQpIa68AIg4JGS4cU4"",""channel_index"":6,""received_at"":""2024-12-19T14:19:39.748816122Z""}],""settings"":{""data_rate"":{""lora"":{""bandwidth"":125000,""spreading_factor"":7,""coding_rate"":""4/5""}},""frequency"":""867700000"",""timestamp"":1942871116,""time"":""2024-12-19T14:19:39.720492Z""},""received_at"":""2024-12-19T14:19:39.773810319Z"",""consumed_airtime"":""0.066816s"",""network_ids"":{""net_id"":""000013"",""ns_id"":""EC656E0000000181"",""tenant_id"":""ttn"",""cluster_id"":""eu1"",""cluster_address"":""eu1.cloud.thethings.network""}}}"
"271009661","2024-12-19 15:14:33","/ttndata/eui-70b3d57ed006209e-co-04","{""end_device_ids"":{""device_id"":""eui-70b3d57ed006209e-co-04"",""application_ids"":{""application_id"":""test-provozu-aplikace""},""dev_eui"":""70B3D57ED006209E"",""join_eui"":""0000000000000000"",""dev_addr"":""260B88E6""},""correlation_ids"":[""gs:uplink:01JFFMABW2S48XYSFVBT2D6SKZ""],""received_at"":""2024-12-19T14:14:33.805381332Z"",""uplink_message"":{""session_key_id"":""AZPfLceE/QXyAvuwhkA+XQ=="",""f_port"":1,""f_cnt"":5,""frm_payload"":""NDsxMDgwOzEwLjI7Mzc="",""decoded_payload"":{""format"":""string"",""msg"":""4;1080;10.2;37"",""sensor"":""CO2""},""rx_metadata"":[{""gateway_ids"":{""gateway_id"":""eui-50303541790d4750"",""eui"":""50303541790D4750""},""time"":""2024-12-19T14:14:33.567912Z"",""timestamp"":1636724868,""rssi"":-9,""channel_rssi"":-9,""snr"":7.5,""uplink_token"":""CiIKIAoUZXVpLTUwMzAzNTQxNzkwZDQ3NTASCFAwNUF5DUdQEIThuYwGGgwIydSQuwYQ08n4ngIgoIeeo9Ev"",""channel_index"":2,""received_at"":""2024-12-19T14:14:33.578098084Z""}],""settings"":{""data_rate"":{""lora"":{""bandwidth"":125000,""spreading_factor"":7,""coding_rate"":""4/5""}},""frequency"":""868500000"",""timestamp"":1636724868,""time"":""2024-12-19T14:14:33.567912Z""},""received_at"":""2024-12-19T14:14:33.602670104Z"",""consumed_airtime"":""0.066816s"",""network_ids"":{""net_id"":""000013"",""ns_id"":""EC656E0000000181"",""tenant_id"":""ttn"",""cluster_id"":""eu1"",""cluster_address"":""eu1.cloud.thethings.network""}}}"
"271006325","2024-12-19 15:09:27","/ttndata/eui-70b3d57ed006209e-co-04","{""end_device_ids"":{""device_id"":""eui-70b3d57ed006209e-co-04"",""application_ids"":{""application_id"":""test-provozu-aplikace""},""dev_eui"":""70B3D57ED006209E"",""join_eui"":""0000000000000000"",""dev_addr"":""260B88E6""},""correlation_ids"":[""gs:uplink:01JFFM10X57NYG8TE8DZJSNG3J""],""received_at"":""2024-12-19T14:09:27.667893933Z"",""uplink_message"":{""session_key_id"":""AZPfLceE/QXyAvuwhkA+XQ=="",""f_port"":1,""f_cnt"":4,""frm_payload"":""NDsxMDgwOzExLjU7MzE="",""decoded_payload"":{""format"":""string"",""msg"":""4;1080;11.5;31"",""sensor"":""CO2""},""rx_metadata"":[{""gateway_ids"":{""gateway_id"":""eui-50303541790d4750"",""eui"":""50303541790D4750""},""time"":""2024-12-19T14:09:27.425610Z"",""timestamp"":1330578572,""rssi"":-11,""channel_rssi"":-11,""snr"":7.75,""uplink_token"":""CiIKIAoUZXVpLTUwMzAzNTQxNzkwZDQ3NTASCFAwNUF5DUdQEIyJvPoEGgwIl9KQuwYQqtHm2wEg4IWn5dwm"",""channel_index"":5,""received_at"":""2024-12-19T14:09:27.438038044Z""}],""settings"":{""data_rate"":{""lora"":{""bandwidth"":125000,""spreading_factor"":7,""coding_rate"":""4/5""}},""frequency"":""867500000"",""timestamp"":1330578572,""time"":""2024-12-19T14:09:27.425610Z""},""received_at"":""2024-12-19T14:09:27.462144023Z"",""consumed_airtime"":""0.066816s"",""network_ids"":{""net_id"":""000013"",""ns_id"":""EC656E0000000181"",""tenant_id"":""ttn"",""cluster_id"":""eu1"",""cluster_address"":""eu1.cloud.thethings.network""}}}"
"271002984","2024-12-19 15:04:21","/ttndata/eui-70b3d57ed006209e-co-04","{""end_device_ids"":{""device_id"":""eui-70b3d57ed006209e-co-04"",""application_ids"":{""application_id"":""test-provozu-aplikace""},""dev_eui"":""70B3D57ED006209E"",""join_eui"":""0000000000000000"",""dev_addr"":""260B88E6""},""correlation_ids"":[""gs:uplink:01JFFKQNXWJ2B0E4QRD9GCA0T7""],""received_at"":""2024-12-19T14:04:21.511967903Z"",""uplink_message"":{""session_key_id"":""AZPfLceE/QXyAvuwhkA+XQ=="",""f_port"":1,""f_cnt"":3,""frm_payload"":""NDsxMDQ3OzE0LjI7MzE="",""decoded_payload"":{""format"":""string"",""msg"":""4;1047;14.2;31"",""sensor"":""CO2""},""rx_metadata"":[{""gateway_ids"":{""gateway_id"":""eui-50303541790d4750"",""eui"":""50303541790D4750""},""time"":""2024-12-19T14:04:21.282543Z"",""timestamp"":1024432180,""rssi"":-8,""channel_rssi"":-8,""snr"":9.25,""uplink_token"":""CiIKIAoUZXVpLTUwMzAzNTQxNzkwZDQ3NTASCFAwNUF5DUdQELSwvugDGgwI5c+QuwYQ8/DgkgEgoJaqp+gd"",""channel_index"":1,""received_at"":""2024-12-19T14:04:21.285662542Z""}],""settings"":{""data_rate"":{""lora"":{""bandwidth"":125000,""spreading_factor"":7,""coding_rate"":""4/5""}},""frequency"":""868300000"",""timestamp"":1024432180,""time"":""2024-12-19T14:04:21.282543Z""},""received_at"":""2024-12-19T14:04:21.308813846Z"",""consumed_airtime"":""0.066816s"",""network_ids"":{""net_id"":""000013"",""ns_id"":""EC656E0000000181"",""tenant_id"":""ttn"",""cluster_id"":""eu1"",""cluster_address"":""eu1.cloud.thethings.network""}}}"